year,entry_url,pdf_url,filename,status,error,timestamp
2019,https://www.gov.br/saude/pt-br/centrais-de-conteudo/publicacoes/boletins/epidemiologicos/edicoes/2019/2019,https://www.gov.br/saude/pt-br/centrais-de-conteudo/publicacoes/boletins/epidemiologicos/edicoes/2019/boletim-epidemiologico-svs-38-2-interativo.pdf,boletim-epidemiologico-svs-38-2-interativo.pdf,downloaded,,2026-06-05T19:24:13+00:00
2019,https://www.gov.br/saude/pt-br/centrais-de-conteudo/publicacoes/boletins/epidemiologicos/edicoes/2019/be-vol-be-50-no-35-situacao-da-raiva-no-brasil-e-recomendacoes-quanto-ao-uso-dos-imunobiologicos.pdf/view,https://www.gov.br/saude/pt-br/centrais-de-conteudo/publicacoes/boletins/epidemiologicos/edicoes/2019/be-vol-be-50-no-35-situacao-da-raiva-no-brasil-e-recomendacoes-quanto-ao-uso-dos-imunobiologicos.pdf,be-vol-be-50-no-35-situacao-da-raiva-no-brasil-e-recomendacoes-quanto-ao-uso-dos-imunobiologicos.pdf,downloaded,,2026-06-05T19:24:16+00:00
2019,https://www.gov.br/saude/pt-br/centrais-de-conteudo/publicacoes/boletins/epidemiologicos/edicoes/2019/boletim-epidemiologico-svs-38-2-interativo.pdf/view,https://www.gov.br/saude/pt-br/centrais-de-conteudo/publicacoes/boletins/epidemiologicos/edicoes/2019/boletim-epidemiologico-svs-38-2-interativo.pdf,boletim-epidemiologico-svs-38-2-interativo.pdf,existing,,2026-06-05T19:24:19+00:00
2019,https://www.gov.br/saude/pt-br/centrais-de-conteudo/publicacoes/boletins/epidemiologicos/edicoes/2019/boletim-especial-svs-16-anos.pdf/view,https://www.gov.br/saude/pt-br/centrais-de-conteudo/publicacoes/boletins/epidemiologicos/edicoes/2019/boletim-especial-svs-16-anos.pdf,boletim-especial-svs-16-anos.pdf,downloaded,,2026-06-05T19:24:19+00:00
2020,https://www.gov.br/saude/pt-br/centrais-de-conteudo/publicacoes/boletins/epidemiologicos/edicoes/2020/2020,https://www.gov.br/saude/pt-br/centrais-de-conteudo/publicacoes/boletins/epidemiologicos/edicoes/2020/boletim_epidemiologico_svs_52.pdf,boletim_epidemiologico_svs_52.pdf,downloaded,,2026-06-05T19:24:32+00:00
2020,https://www.gov.br/saude/pt-br/centrais-de-conteudo/publicacoes/boletins/epidemiologicos/edicoes/2020/boletim-epidemiologico-svs-03-v3.pdf/view,https://www.gov.br/saude/pt-br/centrais-de-conteudo/publicacoes/boletins/epidemiologicos/edicoes/2020/boletim-epidemiologico-svs-03-v3.pdf,boletim-epidemiologico-svs-03-v3.pdf,downloaded,,2026-06-05T19:24:35+00:00
2020,https://www.gov.br/saude/pt-br/centrais-de-conteudo/publicacoes/boletins/epidemiologicos/edicoes/2020/boletim-epidemiologico-svs-16.pdf/view,https://www.gov.br/saude/pt-br/centrais-de-conteudo/publicacoes/boletins/epidemiologicos/edicoes/2020/boletim-epidemiologico-svs-16.pdf,boletim-epidemiologico-svs-16.pdf,downloaded,,2026-06-05T19:24:37+00:00
2020,https://www.gov.br/saude/pt-br/centrais-de-conteudo/publicacoes/boletins/epidemiologicos/edicoes/2020/boletim-epidemiologico-svs-17.pdf/view,https://www.gov.br/saude/pt-br/centrais-de-conteudo/publicacoes/boletins/epidemiologicos/edicoes/2020/boletim-epidemiologico-svs-17.pdf,boletim-epidemiologico-svs-17.pdf,downloaded,,2026-06-05T19:24:38+00:00
2020,https://www.gov.br/saude/pt-br/centrais-de-conteudo/publicacoes/boletins/epidemiologicos/edicoes/2020/boletim-epidemiologico-svs-26.pdf/view,https://www.gov.br/saude/pt-br/centrais-de-conteudo/publicacoes/boletins/epidemiologicos/edicoes/2020/boletim-epidemiologico-svs-26.pdf,boletim-epidemiologico-svs-26.pdf,downloaded,,2026-06-05T19:24:41+00:00
2020,https://www.gov.br/saude/pt-br/centrais-de-conteudo/publicacoes/boletins/epidemiologicos/edicoes/2020/boletim-epidemiologico-svs-28-v2.pdf/view,https://www.gov.br/saude/pt-br/centrais-de-conteudo/publicacoes/boletins/epidemiologicos/edicoes/2020/boletim-epidemiologico-svs-28-v2.pdf,boletim-epidemiologico-svs-28-v2.pdf,downloaded,,2026-06-05T19:24:43+00:00
2020,https://www.gov.br/saude/pt-br/centrais-de-conteudo/publicacoes/boletins/epidemiologicos/edicoes/2020/boletim-epidemiologico-svs-32.pdf/view,https://www.gov.br/saude/pt-br/centrais-de-conteudo/publicacoes/boletins/epidemiologicos/edicoes/2020/boletim-epidemiologico-svs-32.pdf,boletim-epidemiologico-svs-32.pdf,downloaded,,2026-06-05T19:24:46+00:00
2020,https://www.gov.br/saude/pt-br/centrais-de-conteudo/publicacoes/boletins/epidemiologicos/edicoes/2020/boletim-epidemiologico-vol-51-no-01/view,https://www.gov.br/saude/pt-br/centrais-de-conteudo/publicacoes/boletins/epidemiologicos/edicoes/2020/boletim-epidemiologico-vol-51-no-01/@@download/file,boletim-epidemiologico-vol-51-no-01.pdf,downloaded,,2026-06-05T19:24:47+00:00
2020,https://www.gov.br/saude/pt-br/centrais-de-conteudo/publicacoes/boletins/epidemiologicos/edicoes/2020/boletim-epidemiologico-vol-51-no-02.pdf/view,https://www.gov.br/saude/pt-br/centrais-de-conteudo/publicacoes/boletins/epidemiologicos/edicoes/2020/boletim-epidemiologico-vol-51-no-02.pdf,boletim-epidemiologico-vol-51-no-02.pdf,downloaded,,2026-06-05T19:24:50+00:00
2020,https://www.gov.br/saude/pt-br/centrais-de-conteudo/publicacoes/boletins/epidemiologicos/edicoes/2020/boletim-epidemiologico-vol-51-no-04.pdf/view,https://www.gov.br/saude/pt-br/centrais-de-conteudo/publicacoes/boletins/epidemiologicos/edicoes/2020/boletim-epidemiologico-vol-51-no-04.pdf,boletim-epidemiologico-vol-51-no-04.pdf,downloaded,,2026-06-05T19:24:51+00:00
2020,https://www.gov.br/saude/pt-br/centrais-de-conteudo/publicacoes/boletins/epidemiologicos/edicoes/2020/boletim-epidemiologico-vol-51-no-05.pdf/view,https://www.gov.br/saude/pt-br/centrais-de-conteudo/publicacoes/boletins/epidemiologicos/edicoes/2020/boletim-epidemiologico-vol-51-no-05.pdf,boletim-epidemiologico-vol-51-no-05.pdf,downloaded,,2026-06-05T19:24:53+00:00
2020,https://www.gov.br/saude/pt-br/centrais-de-conteudo/publicacoes/boletins/epidemiologicos/edicoes/2020/boletim-epidemiologico-vol-51-no-06.pdf/view,https://www.gov.br/saude/pt-br/centrais-de-conteudo/publicacoes/boletins/epidemiologicos/edicoes/2020/boletim-epidemiologico-vol-51-no-06.pdf,boletim-epidemiologico-vol-51-no-06.pdf,downloaded,,2026-06-05T19:24:55+00:00
2020,https://www.gov.br/saude/pt-br/centrais-de-conteudo/publicacoes/boletins/epidemiologicos/edicoes/2020/boletim-epidemiologico-vol-51-no-07.pdf/view,https://www.gov.br/saude/pt-br/centrais-de-conteudo/publicacoes/boletins/epidemiologicos/edicoes/2020/boletim-epidemiologico-vol-51-no-07.pdf,boletim-epidemiologico-vol-51-no-07.pdf,downloaded,,2026-06-05T19:24:57+00:00
2020,https://www.gov.br/saude/pt-br/centrais-de-conteudo/publicacoes/boletins/epidemiologicos/edicoes/2020/boletim-epidemiologico-vol-51-no-08.pdf/view,https://www.gov.br/saude/pt-br/centrais-de-conteudo/publicacoes/boletins/epidemiologicos/edicoes/2020/boletim-epidemiologico-vol-51-no-08.pdf,boletim-epidemiologico-vol-51-no-08.pdf,downloaded,,2026-06-05T19:24:59+00:00
2020,https://www.gov.br/saude/pt-br/centrais-de-conteudo/publicacoes/boletins/epidemiologicos/edicoes/2020/boletim-epidemiologico-vol-51-no-09.pdf/view,https://www.gov.br/saude/pt-br/centrais-de-conteudo/publicacoes/boletins/epidemiologicos/edicoes/2020/boletim-epidemiologico-vol-51-no-09.pdf,boletim-epidemiologico-vol-51-no-09.pdf,downloaded,,2026-06-05T19:25:00+00:00
2020,https://www.gov.br/saude/pt-br/centrais-de-conteudo/publicacoes/boletins/epidemiologicos/edicoes/2020/boletim-epidemiologico-vol-51-no-10.pdf/view,https://www.gov.br/saude/pt-br/centrais-de-conteudo/publicacoes/boletins/epidemiologicos/edicoes/2020/boletim-epidemiologico-vol-51-no-10.pdf,boletim-epidemiologico-vol-51-no-10.pdf,downloaded,,2026-06-05T19:25:02+00:00
2020,https://www.gov.br/saude/pt-br/centrais-de-conteudo/publicacoes/boletins/epidemiologicos/edicoes/2020/boletim-epidemiologico-vol-51-no-11.pdf/view,https://www.gov.br/saude/pt-br/centrais-de-conteudo/publicacoes/boletins/epidemiologicos/edicoes/2020/boletim-epidemiologico-vol-51-no-11.pdf,boletim-epidemiologico-vol-51-no-11.pdf,downloaded,,2026-06-05T19:25:04+00:00
2020,https://www.gov.br/saude/pt-br/centrais-de-conteudo/publicacoes/boletins/epidemiologicos/edicoes/2020/boletim-epidemiologico-vol-51-no-12.pdf/view,https://www.gov.br/saude/pt-br/centrais-de-conteudo/publicacoes/boletins/epidemiologicos/edicoes/2020/boletim-epidemiologico-vol-51-no-12.pdf,boletim-epidemiologico-vol-51-no-12.pdf,downloaded,,2026-06-05T19:25:05+00:00
2020,https://www.gov.br/saude/pt-br/centrais-de-conteudo/publicacoes/boletins/epidemiologicos/edicoes/2020/boletim-epidemiologico-vol-51-no-13.pdf/view,https://www.gov.br/saude/pt-br/centrais-de-conteudo/publicacoes/boletins/epidemiologicos/edicoes/2020/boletim-epidemiologico-vol-51-no-13.pdf,boletim-epidemiologico-vol-51-no-13.pdf,downloaded,,2026-06-05T19:25:07+00:00
2020,https://www.gov.br/saude/pt-br/centrais-de-conteudo/publicacoes/boletins/epidemiologicos/edicoes/2020/boletim-epidemiologico-vol-51-no-14.pdf/view,https://www.gov.br/saude/pt-br/centrais-de-conteudo/publicacoes/boletins/epidemiologicos/edicoes/2020/boletim-epidemiologico-vol-51-no-14.pdf,boletim-epidemiologico-vol-51-no-14.pdf,downloaded,,2026-06-05T19:25:12+00:00
2020,https://www.gov.br/saude/pt-br/centrais-de-conteudo/publicacoes/boletins/epidemiologicos/edicoes/2020/boletim-epidemiologico-vol-51-no-15.pdf/view,https://www.gov.br/saude/pt-br/centrais-de-conteudo/publicacoes/boletins/epidemiologicos/edicoes/2020/boletim-epidemiologico-vol-51-no-15.pdf,boletim-epidemiologico-vol-51-no-15.pdf,downloaded,,2026-06-05T19:25:14+00:00
2020,https://www.gov.br/saude/pt-br/centrais-de-conteudo/publicacoes/boletins/epidemiologicos/edicoes/2020/boletim-epidemiologico-vol-51-no18/view,https://www.gov.br/saude/pt-br/centrais-de-conteudo/publicacoes/boletins/epidemiologicos/edicoes/2020/boletim-epidemiologico-vol-51-no18/@@download/file,boletim-epidemiologico-vol-51-no18.pdf,downloaded,,2026-06-05T19:25:15+00:00
2020,https://www.gov.br/saude/pt-br/centrais-de-conteudo/publicacoes/boletins/epidemiologicos/edicoes/2020/boletim-epidemiologico-vol-51-no19/view,https://www.gov.br/saude/pt-br/centrais-de-conteudo/publicacoes/boletins/epidemiologicos/edicoes/2020/boletim-epidemiologico-vol-51-no19/@@download/file,boletim-epidemiologico-vol-51-no19.pdf,downloaded,,2026-06-05T19:25:19+00:00
2020,https://www.gov.br/saude/pt-br/centrais-de-conteudo/publicacoes/boletins/epidemiologicos/edicoes/2020/boletim-epidemiologico-vol-51-no20/view,https://www.gov.br/saude/pt-br/centrais-de-conteudo/publicacoes/boletins/epidemiologicos/edicoes/2020/boletim-epidemiologico-vol-51-no20/@@download/file,boletim-epidemiologico-vol-51-no20.pdf,downloaded,,2026-06-05T19:25:23+00:00
2020,https://www.gov.br/saude/pt-br/centrais-de-conteudo/publicacoes/boletins/epidemiologicos/edicoes/2020/boletim-epidemiologico-vol-51-no27/view,https://www.gov.br/saude/pt-br/centrais-de-conteudo/publicacoes/boletins/epidemiologicos/edicoes/2020/boletim-epidemiologico-vol-51-no27/@@download/file,boletim-epidemiologico-vol-51-no27.pdf,downloaded,,2026-06-05T19:25:26+00:00
2020,https://www.gov.br/saude/pt-br/centrais-de-conteudo/publicacoes/boletins/epidemiologicos/edicoes/2020/boletim-epidemiologico-vol-51-no29/view,https://www.gov.br/saude/pt-br/centrais-de-conteudo/publicacoes/boletins/epidemiologicos/edicoes/2020/boletim-epidemiologico-vol-51-no29/@@download/file,boletim-epidemiologico-vol-51-no29.pdf,downloaded,,2026-06-05T19:25:29+00:00
2020,https://www.gov.br/saude/pt-br/centrais-de-conteudo/publicacoes/boletins/epidemiologicos/edicoes/2020/boletim-epidemiologico-vol-51-no30/view,https://www.gov.br/saude/pt-br/centrais-de-conteudo/publicacoes/boletins/epidemiologicos/edicoes/2020/boletim-epidemiologico-vol-51-no30/@@download/file,boletim-epidemiologico-vol-51-no30.pdf,downloaded,,2026-06-05T19:25:32+00:00
2020,https://www.gov.br/saude/pt-br/centrais-de-conteudo/publicacoes/boletins/epidemiologicos/edicoes/2020/boletim-epidemiologico-vol-51-no31/view,https://www.gov.br/saude/pt-br/centrais-de-conteudo/publicacoes/boletins/epidemiologicos/edicoes/2020/boletim-epidemiologico-vol-51-no31/@@download/file,boletim-epidemiologico-vol-51-no31.pdf,downloaded,,2026-06-05T19:25:35+00:00
2020,https://www.gov.br/saude/pt-br/centrais-de-conteudo/publicacoes/boletins/epidemiologicos/edicoes/2020/boletim-epidemiologico-vol-51-no33/view,https://www.gov.br/saude/pt-br/centrais-de-conteudo/publicacoes/boletins/epidemiologicos/edicoes/2020/boletim-epidemiologico-vol-51-no33/@@download/file,boletim-epidemiologico-vol-51-no33.pdf,downloaded,,2026-06-05T19:25:37+00:00
2020,https://www.gov.br/saude/pt-br/centrais-de-conteudo/publicacoes/boletins/epidemiologicos/edicoes/2020/boletim-epidemiologico-vol-51-no34/view,https://www.gov.br/saude/pt-br/centrais-de-conteudo/publicacoes/boletins/epidemiologicos/edicoes/2020/boletim-epidemiologico-vol-51-no34/@@download/file,boletim-epidemiologico-vol-51-no34.pdf,downloaded,,2026-06-05T19:25:39+00:00
2020,https://www.gov.br/saude/pt-br/centrais-de-conteudo/publicacoes/boletins/epidemiologicos/edicoes/2020/boletim-epidemiologico-vol-51-no35/view,https://www.gov.br/saude/pt-br/centrais-de-conteudo/publicacoes/boletins/epidemiologicos/edicoes/2020/boletim-epidemiologico-vol-51-no35/@@download/file,boletim-epidemiologico-vol-51-no35.pdf,downloaded,,2026-06-05T19:25:43+00:00
2020,https://www.gov.br/saude/pt-br/centrais-de-conteudo/publicacoes/boletins/epidemiologicos/edicoes/2020/boletim-epidemiologico-vol-51-no36/view,https://www.gov.br/saude/pt-br/centrais-de-conteudo/publicacoes/boletins/epidemiologicos/edicoes/2020/boletim-epidemiologico-vol-51-no36/@@download/file,boletim-epidemiologico-vol-51-no36.pdf,downloaded,,2026-06-05T19:25:47+00:00
2020,https://www.gov.br/saude/pt-br/centrais-de-conteudo/publicacoes/boletins/epidemiologicos/edicoes/2020/boletim-epidemiologico-vol-51-no37/view,https://www.gov.br/saude/pt-br/centrais-de-conteudo/publicacoes/boletins/epidemiologicos/edicoes/2020/boletim-epidemiologico-vol-51-no37/@@download/file,boletim-epidemiologico-vol-51-no37.pdf,downloaded,,2026-06-05T19:25:49+00:00
2020,https://www.gov.br/saude/pt-br/centrais-de-conteudo/publicacoes/boletins/epidemiologicos/edicoes/2020/boletim-epidemiologico-vol-51-no38/view,https://www.gov.br/saude/pt-br/centrais-de-conteudo/publicacoes/boletins/epidemiologicos/edicoes/2020/boletim-epidemiologico-vol-51-no38/@@download/file,boletim-epidemiologico-vol-51-no38.pdf,downloaded,,2026-06-05T19:25:51+00:00
2020,https://www.gov.br/saude/pt-br/centrais-de-conteudo/publicacoes/boletins/epidemiologicos/edicoes/2020/boletim_epidemiologico_svs_39.pdf/view,https://www.gov.br/saude/pt-br/centrais-de-conteudo/publicacoes/boletins/epidemiologicos/edicoes/2020/boletim_epidemiologico_svs_39.pdf,boletim_epidemiologico_svs_39.pdf,downloaded,,2026-06-05T19:25:54+00:00
2020,https://www.gov.br/saude/pt-br/centrais-de-conteudo/publicacoes/boletins/epidemiologicos/edicoes/2020/boletim_epidemiologico_svs_40.pdf/view,https://www.gov.br/saude/pt-br/centrais-de-conteudo/publicacoes/boletins/epidemiologicos/edicoes/2020/boletim_epidemiologico_svs_40.pdf,boletim_epidemiologico_svs_40.pdf,downloaded,,2026-06-05T19:25:56+00:00
2020,https://www.gov.br/saude/pt-br/centrais-de-conteudo/publicacoes/boletins/epidemiologicos/edicoes/2020/boletim_epidemiologico_svs_41.pdf/view,https://www.gov.br/saude/pt-br/centrais-de-conteudo/publicacoes/boletins/epidemiologicos/edicoes/2020/boletim_epidemiologico_svs_41.pdf,boletim_epidemiologico_svs_41.pdf,downloaded,,2026-06-05T19:25:57+00:00
2020,https://www.gov.br/saude/pt-br/centrais-de-conteudo/publicacoes/boletins/epidemiologicos/edicoes/2020/boletim_epidemiologico_svs_42.pdf/view,https://www.gov.br/saude/pt-br/centrais-de-conteudo/publicacoes/boletins/epidemiologicos/edicoes/2020/boletim_epidemiologico_svs_42.pdf,boletim_epidemiologico_svs_42.pdf,downloaded,,2026-06-05T19:26:00+00:00
2020,https://www.gov.br/saude/pt-br/centrais-de-conteudo/publicacoes/boletins/epidemiologicos/edicoes/2020/boletim_epidemiologico_svs_43.pdf/view,https://www.gov.br/saude/pt-br/centrais-de-conteudo/publicacoes/boletins/epidemiologicos/edicoes/2020/boletim_epidemiologico_svs_43.pdf,boletim_epidemiologico_svs_43.pdf,downloaded,,2026-06-05T19:26:02+00:00
2020,https://www.gov.br/saude/pt-br/centrais-de-conteudo/publicacoes/boletins/epidemiologicos/edicoes/2020/boletim_epidemiologico_svs_44.pdf/view,https://www.gov.br/saude/pt-br/centrais-de-conteudo/publicacoes/boletins/epidemiologicos/edicoes/2020/boletim_epidemiologico_svs_44.pdf,boletim_epidemiologico_svs_44.pdf,downloaded,,2026-06-05T19:26:03+00:00
2020,https://www.gov.br/saude/pt-br/centrais-de-conteudo/publicacoes/boletins/epidemiologicos/edicoes/2020/boletim_epidemiologico_svs_45.pdf/view,https://www.gov.br/saude/pt-br/centrais-de-conteudo/publicacoes/boletins/epidemiologicos/edicoes/2020/boletim_epidemiologico_svs_45.pdf,boletim_epidemiologico_svs_45.pdf,downloaded,,2026-06-05T19:26:05+00:00
2020,https://www.gov.br/saude/pt-br/centrais-de-conteudo/publicacoes/boletins/epidemiologicos/edicoes/2020/boletim_epidemiologico_svs_46.pdf/view,https://www.gov.br/saude/pt-br/centrais-de-conteudo/publicacoes/boletins/epidemiologicos/edicoes/2020/boletim_epidemiologico_svs_46.pdf,boletim_epidemiologico_svs_46.pdf,downloaded,,2026-06-05T19:26:06+00:00
2020,https://www.gov.br/saude/pt-br/centrais-de-conteudo/publicacoes/boletins/epidemiologicos/edicoes/2020/boletim_epidemiologico_svs_47.pdf/view,https://www.gov.br/saude/pt-br/centrais-de-conteudo/publicacoes/boletins/epidemiologicos/edicoes/2020/boletim_epidemiologico_svs_47.pdf,boletim_epidemiologico_svs_47.pdf,downloaded,,2026-06-05T19:26:08+00:00
2020,https://www.gov.br/saude/pt-br/centrais-de-conteudo/publicacoes/boletins/epidemiologicos/edicoes/2020/boletim_epidemiologico_svs_48.pdf/view,https://www.gov.br/saude/pt-br/centrais-de-conteudo/publicacoes/boletins/epidemiologicos/edicoes/2020/boletim_epidemiologico_svs_48.pdf,boletim_epidemiologico_svs_48.pdf,downloaded,,2026-06-05T19:26:10+00:00
2020,https://www.gov.br/saude/pt-br/centrais-de-conteudo/publicacoes/boletins/epidemiologicos/edicoes/2020/boletim_epidemiologico_svs_49.pdf/view,https://www.gov.br/saude/pt-br/centrais-de-conteudo/publicacoes/boletins/epidemiologicos/edicoes/2020/boletim_epidemiologico_svs_49.pdf,boletim_epidemiologico_svs_49.pdf,downloaded,,2026-06-05T19:26:12+00:00
2020,https://www.gov.br/saude/pt-br/centrais-de-conteudo/publicacoes/boletins/epidemiologicos/edicoes/2020/boletim_epidemiologico_svs_50.pdf/view,https://www.gov.br/saude/pt-br/centrais-de-conteudo/publicacoes/boletins/epidemiologicos/edicoes/2020/boletim_epidemiologico_svs_50.pdf,boletim_epidemiologico_svs_50.pdf,downloaded,,2026-06-05T19:26:14+00:00
2020,https://www.gov.br/saude/pt-br/centrais-de-conteudo/publicacoes/boletins/epidemiologicos/edicoes/2020/boletim_epidemiologico_svs_51.pdf/view,https://www.gov.br/saude/pt-br/centrais-de-conteudo/publicacoes/boletins/epidemiologicos/edicoes/2020/boletim_epidemiologico_svs_51.pdf,boletim_epidemiologico_svs_51.pdf,downloaded,,2026-06-05T19:26:15+00:00
2020,https://www.gov.br/saude/pt-br/centrais-de-conteudo/publicacoes/boletins/epidemiologicos/edicoes/2020/boletim_epidemiologico_svs_52.pdf/view,https://www.gov.br/saude/pt-br/centrais-de-conteudo/publicacoes/boletins/epidemiologicos/edicoes/2020/boletim_epidemiologico_svs_52.pdf,boletim_epidemiologico_svs_52.pdf,existing,,2026-06-05T19:26:18+00:00
2021,https://www.gov.br/saude/pt-br/centrais-de-conteudo/publicacoes/boletins/epidemiologicos/edicoes/2021/2021-1,https://www.gov.br/saude/pt-br/centrais-de-conteudo/publicacoes/boletins/epidemiologicos/edicoes/2021/boletim_epidemiologico_svs_42-1.pdf,boletim_epidemiologico_svs_42-1.pdf,downloaded,,2026-06-05T19:26:28+00:00
2021,https://www.gov.br/saude/pt-br/centrais-de-conteudo/publicacoes/boletins/epidemiologicos/edicoes/2021/28-06-2021_boletim-epidemiologico-n-24.pdf/view,https://www.gov.br/saude/pt-br/centrais-de-conteudo/publicacoes/boletins/epidemiologicos/edicoes/2021/28-06-2021_boletim-epidemiologico-n-24.pdf,28-06-2021_boletim-epidemiologico-n-24.pdf,downloaded,,2026-06-05T19:26:31+00:00
2021,https://www.gov.br/saude/pt-br/centrais-de-conteudo/publicacoes/boletins/epidemiologicos/edicoes/2021/boletim-epidemiologico-25_svs.pdf/view,https://www.gov.br/saude/pt-br/centrais-de-conteudo/publicacoes/boletins/epidemiologicos/edicoes/2021/boletim-epidemiologico-25_svs.pdf,boletim-epidemiologico-25_svs.pdf,downloaded,,2026-06-05T19:26:33+00:00
2021,https://www.gov.br/saude/pt-br/centrais-de-conteudo/publicacoes/boletins/epidemiologicos/edicoes/2021/boletim-epidemiologico-svs-1.pdf/view,https://www.gov.br/saude/pt-br/centrais-de-conteudo/publicacoes/boletins/epidemiologicos/edicoes/2021/boletim-epidemiologico-svs-1.pdf,boletim-epidemiologico-svs-1.pdf,downloaded,,2026-06-05T19:26:36+00:00
2021,https://www.gov.br/saude/pt-br/centrais-de-conteudo/publicacoes/boletins/epidemiologicos/edicoes/2021/boletim-epidemiologico-vol-52-no-47/view,https://www.gov.br/saude/pt-br/centrais-de-conteudo/publicacoes/boletins/epidemiologicos/edicoes/2021/boletim-epidemiologico-vol-52-no-47/@@download/file,boletim-epidemiologico-vol-52-no-47.pdf,downloaded,,2026-06-05T19:26:37+00:00
2021,https://www.gov.br/saude/pt-br/centrais-de-conteudo/publicacoes/boletins/epidemiologicos/edicoes/2021/boletim-epidemiologico-vol-52-no-48.pdf/view,https://www.gov.br/saude/pt-br/centrais-de-conteudo/publicacoes/boletins/epidemiologicos/edicoes/2021/boletim-epidemiologico-vol-52-no-48.pdf,boletim-epidemiologico-vol-52-no-48.pdf,downloaded,,2026-06-05T19:26:41+00:00
2021,https://www.gov.br/saude/pt-br/centrais-de-conteudo/publicacoes/boletins/epidemiologicos/edicoes/2021/boletim_epidemiologico_svs_10.pdf/view,https://www.gov.br/saude/pt-br/centrais-de-conteudo/publicacoes/boletins/epidemiologicos/edicoes/2021/boletim_epidemiologico_svs_10.pdf,boletim_epidemiologico_svs_10.pdf,downloaded,,2026-06-05T19:26:43+00:00
2021,https://www.gov.br/saude/pt-br/centrais-de-conteudo/publicacoes/boletins/epidemiologicos/edicoes/2021/boletim_epidemiologico_svs_11.pdf/view,https://www.gov.br/saude/pt-br/centrais-de-conteudo/publicacoes/boletins/epidemiologicos/edicoes/2021/boletim_epidemiologico_svs_11.pdf,boletim_epidemiologico_svs_11.pdf,downloaded,,2026-06-05T19:26:44+00:00
2021,https://www.gov.br/saude/pt-br/centrais-de-conteudo/publicacoes/boletins/epidemiologicos/edicoes/2021/boletim_epidemiologico_svs_12.pdf/view,https://www.gov.br/saude/pt-br/centrais-de-conteudo/publicacoes/boletins/epidemiologicos/edicoes/2021/boletim_epidemiologico_svs_12.pdf,boletim_epidemiologico_svs_12.pdf,downloaded,,2026-06-05T19:26:46+00:00
2021,https://www.gov.br/saude/pt-br/centrais-de-conteudo/publicacoes/boletins/epidemiologicos/edicoes/2021/boletim_epidemiologico_svs_13.pdf/view,https://www.gov.br/saude/pt-br/centrais-de-conteudo/publicacoes/boletins/epidemiologicos/edicoes/2021/boletim_epidemiologico_svs_13.pdf,boletim_epidemiologico_svs_13.pdf,downloaded,,2026-06-05T19:26:48+00:00
2021,https://www.gov.br/saude/pt-br/centrais-de-conteudo/publicacoes/boletins/epidemiologicos/edicoes/2021/boletim_epidemiologico_svs_14_atualizado.pdf/view,https://www.gov.br/saude/pt-br/centrais-de-conteudo/publicacoes/boletins/epidemiologicos/edicoes/2021/boletim_epidemiologico_svs_14_atualizado.pdf,boletim_epidemiologico_svs_14_atualizado.pdf,downloaded,,2026-06-05T19:26:50+00:00
2021,https://www.gov.br/saude/pt-br/centrais-de-conteudo/publicacoes/boletins/epidemiologicos/edicoes/2021/boletim_epidemiologico_svs_16-1.pdf/view,https://www.gov.br/saude/pt-br/centrais-de-conteudo/publicacoes/boletins/epidemiologicos/edicoes/2021/boletim_epidemiologico_svs_16-1.pdf,boletim_epidemiologico_svs_16-1.pdf,downloaded,,2026-06-05T19:26:52+00:00
2021,https://www.gov.br/saude/pt-br/centrais-de-conteudo/publicacoes/boletins/epidemiologicos/edicoes/2021/boletim_epidemiologico_svs_17-5-1.pdf/view,https://www.gov.br/saude/pt-br/centrais-de-conteudo/publicacoes/boletins/epidemiologicos/edicoes/2021/boletim_epidemiologico_svs_17-5-1.pdf,boletim_epidemiologico_svs_17-5-1.pdf,downloaded,,2026-06-05T19:26:54+00:00
2021,https://www.gov.br/saude/pt-br/centrais-de-conteudo/publicacoes/boletins/epidemiologicos/edicoes/2021/boletim_epidemiologico_svs_18.pdf/view,https://www.gov.br/saude/pt-br/centrais-de-conteudo/publicacoes/boletins/epidemiologicos/edicoes/2021/boletim_epidemiologico_svs_18.pdf,boletim_epidemiologico_svs_18.pdf,downloaded,,2026-06-05T19:26:56+00:00
2021,https://www.gov.br/saude/pt-br/centrais-de-conteudo/publicacoes/boletins/epidemiologicos/edicoes/2021/boletim_epidemiologico_svs_19.pdf/view,https://www.gov.br/saude/pt-br/centrais-de-conteudo/publicacoes/boletins/epidemiologicos/edicoes/2021/boletim_epidemiologico_svs_19.pdf,boletim_epidemiologico_svs_19.pdf,downloaded,,2026-06-05T19:26:58+00:00
2021,https://www.gov.br/saude/pt-br/centrais-de-conteudo/publicacoes/boletins/epidemiologicos/edicoes/2021/boletim_epidemiologico_svs_2.pdf/view,https://www.gov.br/saude/pt-br/centrais-de-conteudo/publicacoes/boletins/epidemiologicos/edicoes/2021/boletim_epidemiologico_svs_2.pdf,boletim_epidemiologico_svs_2.pdf,downloaded,,2026-06-05T19:27:00+00:00
2021,https://www.gov.br/saude/pt-br/centrais-de-conteudo/publicacoes/boletins/epidemiologicos/edicoes/2021/boletim_epidemiologico_svs_20.pdf/view,https://www.gov.br/saude/pt-br/centrais-de-conteudo/publicacoes/boletins/epidemiologicos/edicoes/2021/boletim_epidemiologico_svs_20.pdf,boletim_epidemiologico_svs_20.pdf,downloaded,,2026-06-05T19:27:02+00:00
2021,https://www.gov.br/saude/pt-br/centrais-de-conteudo/publicacoes/boletins/epidemiologicos/edicoes/2021/boletim_epidemiologico_svs_21.pdf/view,https://www.gov.br/saude/pt-br/centrais-de-conteudo/publicacoes/boletins/epidemiologicos/edicoes/2021/boletim_epidemiologico_svs_21.pdf,boletim_epidemiologico_svs_21.pdf,downloaded,,2026-06-05T19:27:04+00:00
2021,https://www.gov.br/saude/pt-br/centrais-de-conteudo/publicacoes/boletins/epidemiologicos/edicoes/2021/boletim_epidemiologico_svs_22-2.pdf/view,https://www.gov.br/saude/pt-br/centrais-de-conteudo/publicacoes/boletins/epidemiologicos/edicoes/2021/boletim_epidemiologico_svs_22-2.pdf,boletim_epidemiologico_svs_22-2.pdf,downloaded,,2026-06-05T19:27:06+00:00
2021,https://www.gov.br/saude/pt-br/centrais-de-conteudo/publicacoes/boletins/epidemiologicos/edicoes/2021/boletim_epidemiologico_svs_23.pdf/view,https://www.gov.br/saude/pt-br/centrais-de-conteudo/publicacoes/boletins/epidemiologicos/edicoes/2021/boletim_epidemiologico_svs_23.pdf,boletim_epidemiologico_svs_23.pdf,downloaded,,2026-06-05T19:27:07+00:00
2021,https://www.gov.br/saude/pt-br/centrais-de-conteudo/publicacoes/boletins/epidemiologicos/edicoes/2021/boletim_epidemiologico_svs_26.pdf/view,https://www.gov.br/saude/pt-br/centrais-de-conteudo/publicacoes/boletins/epidemiologicos/edicoes/2021/boletim_epidemiologico_svs_26.pdf,boletim_epidemiologico_svs_26.pdf,downloaded,,2026-06-05T19:27:09+00:00
2021,https://www.gov.br/saude/pt-br/centrais-de-conteudo/publicacoes/boletins/epidemiologicos/edicoes/2021/boletim_epidemiologico_svs_27.pdf/view,https://www.gov.br/saude/pt-br/centrais-de-conteudo/publicacoes/boletins/epidemiologicos/edicoes/2021/boletim_epidemiologico_svs_27.pdf,boletim_epidemiologico_svs_27.pdf,downloaded,,2026-06-05T19:27:12+00:00
2021,https://www.gov.br/saude/pt-br/centrais-de-conteudo/publicacoes/boletins/epidemiologicos/edicoes/2021/boletim_epidemiologico_svs_28.pdf/view,https://www.gov.br/saude/pt-br/centrais-de-conteudo/publicacoes/boletins/epidemiologicos/edicoes/2021/boletim_epidemiologico_svs_28.pdf,boletim_epidemiologico_svs_28.pdf,downloaded,,2026-06-05T19:27:13+00:00
2021,https://www.gov.br/saude/pt-br/centrais-de-conteudo/publicacoes/boletins/epidemiologicos/edicoes/2021/boletim_epidemiologico_svs_29.pdf/view,https://www.gov.br/saude/pt-br/centrais-de-conteudo/publicacoes/boletins/epidemiologicos/edicoes/2021/boletim_epidemiologico_svs_29.pdf,boletim_epidemiologico_svs_29.pdf,downloaded,,2026-06-05T19:27:15+00:00
2021,https://www.gov.br/saude/pt-br/centrais-de-conteudo/publicacoes/boletins/epidemiologicos/edicoes/2021/boletim_epidemiologico_svs_3.pdf/view,https://www.gov.br/saude/pt-br/centrais-de-conteudo/publicacoes/boletins/epidemiologicos/edicoes/2021/boletim_epidemiologico_svs_3.pdf,boletim_epidemiologico_svs_3.pdf,downloaded,,2026-06-05T19:27:17+00:00
2021,https://www.gov.br/saude/pt-br/centrais-de-conteudo/publicacoes/boletins/epidemiologicos/edicoes/2021/boletim_epidemiologico_svs_30-3.pdf/view,https://www.gov.br/saude/pt-br/centrais-de-conteudo/publicacoes/boletins/epidemiologicos/edicoes/2021/boletim_epidemiologico_svs_30-3.pdf,boletim_epidemiologico_svs_30-3.pdf,downloaded,,2026-06-05T19:27:19+00:00
2021,https://www.gov.br/saude/pt-br/centrais-de-conteudo/publicacoes/boletins/epidemiologicos/edicoes/2021/boletim_epidemiologico_svs_31.pdf/view,https://www.gov.br/saude/pt-br/centrais-de-conteudo/publicacoes/boletins/epidemiologicos/edicoes/2021/boletim_epidemiologico_svs_31.pdf,boletim_epidemiologico_svs_31.pdf,downloaded,,2026-06-05T19:27:21+00:00
2021,https://www.gov.br/saude/pt-br/centrais-de-conteudo/publicacoes/boletins/epidemiologicos/edicoes/2021/boletim_epidemiologico_svs_32-1.pdf/view,https://www.gov.br/saude/pt-br/centrais-de-conteudo/publicacoes/boletins/epidemiologicos/edicoes/2021/boletim_epidemiologico_svs_32-1.pdf,boletim_epidemiologico_svs_32-1.pdf,downloaded,,2026-06-05T19:27:25+00:00
2021,https://www.gov.br/saude/pt-br/centrais-de-conteudo/publicacoes/boletins/epidemiologicos/edicoes/2021/boletim_epidemiologico_svs_33_final.pdf/view,https://www.gov.br/saude/pt-br/centrais-de-conteudo/publicacoes/boletins/epidemiologicos/edicoes/2021/boletim_epidemiologico_svs_33_final.pdf,boletim_epidemiologico_svs_33_final.pdf,downloaded,,2026-06-05T19:27:27+00:00
2021,https://www.gov.br/saude/pt-br/centrais-de-conteudo/publicacoes/boletins/epidemiologicos/edicoes/2021/boletim_epidemiologico_svs_34_v2.pdf/view,https://www.gov.br/saude/pt-br/centrais-de-conteudo/publicacoes/boletins/epidemiologicos/edicoes/2021/boletim_epidemiologico_svs_34_v2.pdf,boletim_epidemiologico_svs_34_v2.pdf,downloaded,,2026-06-05T19:27:28+00:00
2021,https://www.gov.br/saude/pt-br/centrais-de-conteudo/publicacoes/boletins/epidemiologicos/edicoes/2021/boletim_epidemiologico_svs_35.pdf/view,https://www.gov.br/saude/pt-br/centrais-de-conteudo/publicacoes/boletins/epidemiologicos/edicoes/2021/boletim_epidemiologico_svs_35.pdf,boletim_epidemiologico_svs_35.pdf,downloaded,,2026-06-05T19:27:30+00:00
2021,https://www.gov.br/saude/pt-br/centrais-de-conteudo/publicacoes/boletins/epidemiologicos/edicoes/2021/boletim_epidemiologico_svs_36.pdf/view,https://www.gov.br/saude/pt-br/centrais-de-conteudo/publicacoes/boletins/epidemiologicos/edicoes/2021/boletim_epidemiologico_svs_36.pdf,boletim_epidemiologico_svs_36.pdf,downloaded,,2026-06-05T19:27:32+00:00
2021,https://www.gov.br/saude/pt-br/centrais-de-conteudo/publicacoes/boletins/epidemiologicos/edicoes/2021/boletim_epidemiologico_svs_37_v2.pdf/view,https://www.gov.br/saude/pt-br/centrais-de-conteudo/publicacoes/boletins/epidemiologicos/edicoes/2021/boletim_epidemiologico_svs_37_v2.pdf,boletim_epidemiologico_svs_37_v2.pdf,downloaded,,2026-06-05T19:27:33+00:00
2021,https://www.gov.br/saude/pt-br/centrais-de-conteudo/publicacoes/boletins/epidemiologicos/edicoes/2021/boletim_epidemiologico_svs_38-para-resumo.pdf/view,https://www.gov.br/saude/pt-br/centrais-de-conteudo/publicacoes/boletins/epidemiologicos/edicoes/2021/boletim_epidemiologico_svs_38-para-resumo.pdf,boletim_epidemiologico_svs_38-para-resumo.pdf,downloaded,,2026-06-05T19:27:36+00:00
2021,https://www.gov.br/saude/pt-br/centrais-de-conteudo/publicacoes/boletins/epidemiologicos/edicoes/2021/boletim_epidemiologico_svs_39.pdf/view,https://www.gov.br/saude/pt-br/centrais-de-conteudo/publicacoes/boletins/epidemiologicos/edicoes/2021/boletim_epidemiologico_svs_39.pdf,boletim_epidemiologico_svs_39.pdf,downloaded,,2026-06-05T19:27:38+00:00
2021,https://www.gov.br/saude/pt-br/centrais-de-conteudo/publicacoes/boletins/epidemiologicos/edicoes/2021/boletim_epidemiologico_svs_4.pdf/view,https://www.gov.br/saude/pt-br/centrais-de-conteudo/publicacoes/boletins/epidemiologicos/edicoes/2021/boletim_epidemiologico_svs_4.pdf,boletim_epidemiologico_svs_4.pdf,downloaded,,2026-06-05T19:27:40+00:00
2021,https://www.gov.br/saude/pt-br/centrais-de-conteudo/publicacoes/boletins/epidemiologicos/edicoes/2021/boletim_epidemiologico_svs_40.pdf/view,https://www.gov.br/saude/pt-br/centrais-de-conteudo/publicacoes/boletins/epidemiologicos/edicoes/2021/boletim_epidemiologico_svs_40.pdf,boletim_epidemiologico_svs_40.pdf,downloaded,,2026-06-05T19:27:43+00:00
2021,https://www.gov.br/saude/pt-br/centrais-de-conteudo/publicacoes/boletins/epidemiologicos/edicoes/2021/boletim_epidemiologico_svs_41-2.pdf/view,https://www.gov.br/saude/pt-br/centrais-de-conteudo/publicacoes/boletins/epidemiologicos/edicoes/2021/boletim_epidemiologico_svs_41-2.pdf,boletim_epidemiologico_svs_41-2.pdf,downloaded,,2026-06-05T19:27:44+00:00
2021,https://www.gov.br/saude/pt-br/centrais-de-conteudo/publicacoes/boletins/epidemiologicos/edicoes/2021/boletim_epidemiologico_svs_42-1.pdf/view,https://www.gov.br/saude/pt-br/centrais-de-conteudo/publicacoes/boletins/epidemiologicos/edicoes/2021/boletim_epidemiologico_svs_42-1.pdf,boletim_epidemiologico_svs_42-1.pdf,existing,,2026-06-05T19:27:46+00:00
2021,https://www.gov.br/saude/pt-br/centrais-de-conteudo/publicacoes/boletins/epidemiologicos/edicoes/2021/boletim_epidemiologico_svs_43.pdf/view,https://www.gov.br/saude/pt-br/centrais-de-conteudo/publicacoes/boletins/epidemiologicos/edicoes/2021/boletim_epidemiologico_svs_43.pdf,boletim_epidemiologico_svs_43.pdf,downloaded,,2026-06-05T19:27:46+00:00
2021,https://www.gov.br/saude/pt-br/centrais-de-conteudo/publicacoes/boletins/epidemiologicos/edicoes/2021/boletim_epidemiologico_svs_44-2.pdf/view,https://www.gov.br/saude/pt-br/centrais-de-conteudo/publicacoes/boletins/epidemiologicos/edicoes/2021/boletim_epidemiologico_svs_44-2.pdf,boletim_epidemiologico_svs_44-2.pdf,downloaded,,2026-06-05T19:27:48+00:00
2021,https://www.gov.br/saude/pt-br/centrais-de-conteudo/publicacoes/boletins/epidemiologicos/edicoes/2021/boletim_epidemiologico_svs_45.pdf/view,https://www.gov.br/saude/pt-br/centrais-de-conteudo/publicacoes/boletins/epidemiologicos/edicoes/2021/boletim_epidemiologico_svs_45.pdf,boletim_epidemiologico_svs_45.pdf,downloaded,,2026-06-05T19:27:50+00:00
2021,https://www.gov.br/saude/pt-br/centrais-de-conteudo/publicacoes/boletins/epidemiologicos/edicoes/2021/boletim_epidemiologico_svs_5.pdf/view,https://www.gov.br/saude/pt-br/centrais-de-conteudo/publicacoes/boletins/epidemiologicos/edicoes/2021/boletim_epidemiologico_svs_5.pdf,boletim_epidemiologico_svs_5.pdf,downloaded,,2026-06-05T19:27:52+00:00
2021,https://www.gov.br/saude/pt-br/centrais-de-conteudo/publicacoes/boletins/epidemiologicos/edicoes/2021/boletim_epidemiologico_svs_6_anomalias.pdf/view,https://www.gov.br/saude/pt-br/centrais-de-conteudo/publicacoes/boletins/epidemiologicos/edicoes/2021/boletim_epidemiologico_svs_6_anomalias.pdf,boletim_epidemiologico_svs_6_anomalias.pdf,downloaded,,2026-06-05T19:27:53+00:00
2021,https://www.gov.br/saude/pt-br/centrais-de-conteudo/publicacoes/boletins/epidemiologicos/edicoes/2021/boletim_epidemiologico_svs_7.pdf/view,https://www.gov.br/saude/pt-br/centrais-de-conteudo/publicacoes/boletins/epidemiologicos/edicoes/2021/boletim_epidemiologico_svs_7.pdf,boletim_epidemiologico_svs_7.pdf,downloaded,,2026-06-05T19:27:55+00:00
2021,https://www.gov.br/saude/pt-br/centrais-de-conteudo/publicacoes/boletins/epidemiologicos/edicoes/2021/boletim_epidemiologico_svs_8.pdf/view,https://www.gov.br/saude/pt-br/centrais-de-conteudo/publicacoes/boletins/epidemiologicos/edicoes/2021/boletim_epidemiologico_svs_8.pdf,boletim_epidemiologico_svs_8.pdf,downloaded,,2026-06-05T19:27:56+00:00
2021,https://www.gov.br/saude/pt-br/centrais-de-conteudo/publicacoes/boletins/epidemiologicos/edicoes/2021/boletim_epidemiologico_svs_9-1.pdf/view,https://www.gov.br/saude/pt-br/centrais-de-conteudo/publicacoes/boletins/epidemiologicos/edicoes/2021/boletim_epidemiologico_svs_9-1.pdf,boletim_epidemiologico_svs_9-1.pdf,downloaded,,2026-06-05T19:27:58+00:00
2021,https://www.gov.br/saude/pt-br/centrais-de-conteudo/publicacoes/boletins/epidemiologicos/edicoes/2021/boletim_epidemiologico_svs_dia-mundial-da-malaria.pdf/view,https://www.gov.br/saude/pt-br/centrais-de-conteudo/publicacoes/boletins/epidemiologicos/edicoes/2021/boletim_epidemiologico_svs_dia-mundial-da-malaria.pdf,boletim_epidemiologico_svs_dia-mundial-da-malaria.pdf,downloaded,,2026-06-05T19:28:00+00:00
2021,https://www.gov.br/saude/pt-br/centrais-de-conteudo/publicacoes/boletins/epidemiologicos/edicoes/2021/boletim_hanseniase_internet_-2.pdf/view,https://www.gov.br/saude/pt-br/centrais-de-conteudo/publicacoes/boletins/epidemiologicos/edicoes/2021/boletim_hanseniase_internet_-2.pdf,boletim_hanseniase_internet_-2.pdf,downloaded,,2026-06-05T19:28:02+00:00
2021,https://www.gov.br/saude/pt-br/centrais-de-conteudo/publicacoes/boletins/epidemiologicos/edicoes/2021/bpletim-epidemiologico-vol-52-no-46.pdf/view,https://www.gov.br/saude/pt-br/centrais-de-conteudo/publicacoes/boletins/epidemiologicos/edicoes/2021/bpletim-epidemiologico-vol-52-no-46.pdf,bpletim-epidemiologico-vol-52-no-46.pdf,downloaded,,2026-06-05T19:28:07+00:00
2022,https://www.gov.br/saude/pt-br/centrais-de-conteudo/publicacoes/boletins/epidemiologicos/edicoes/2022/2022,https://www.gov.br/saude/pt-br/centrais-de-conteudo/publicacoes/boletins/epidemiologicos/edicoes/2022/boletim-epidemiologico-vol-53-no30.pdf,boletim-epidemiologico-vol-53-no30.pdf,downloaded,,2026-06-05T19:28:18+00:00
2022,https://www.gov.br/saude/pt-br/centrais-de-conteudo/publicacoes/boletins/epidemiologicos/edicoes/2022/boletim-epidemiologico-vol-53-no-08.pdf/view,https://www.gov.br/saude/pt-br/centrais-de-conteudo/publicacoes/boletins/epidemiologicos/edicoes/2022/boletim-epidemiologico-vol-53-no-08.pdf,boletim-epidemiologico-vol-53-no-08.pdf,downloaded,,2026-06-05T19:28:23+00:00
2022,https://www.gov.br/saude/pt-br/centrais-de-conteudo/publicacoes/boletins/epidemiologicos/edicoes/2022/boletim-epidemiologico-vol-53-no-09.pdf/view,https://www.gov.br/saude/pt-br/centrais-de-conteudo/publicacoes/boletins/epidemiologicos/edicoes/2022/boletim-epidemiologico-vol-53-no-09.pdf,boletim-epidemiologico-vol-53-no-09.pdf,downloaded,,2026-06-05T19:28:24+00:00
2022,https://www.gov.br/saude/pt-br/centrais-de-conteudo/publicacoes/boletins/epidemiologicos/edicoes/2022/boletim-epidemiologico-vol-53-no03.pdf/view,https://www.gov.br/saude/pt-br/centrais-de-conteudo/publicacoes/boletins/epidemiologicos/edicoes/2022/boletim-epidemiologico-vol-53-no03.pdf,boletim-epidemiologico-vol-53-no03.pdf,downloaded,,2026-06-05T19:28:27+00:00
2022,https://www.gov.br/saude/pt-br/centrais-de-conteudo/publicacoes/boletins/epidemiologicos/edicoes/2022/boletim-epidemiologico-vol-53-no04.pdf/view,https://www.gov.br/saude/pt-br/centrais-de-conteudo/publicacoes/boletins/epidemiologicos/edicoes/2022/boletim-epidemiologico-vol-53-no04.pdf,boletim-epidemiologico-vol-53-no04.pdf,downloaded,,2026-06-05T19:28:28+00:00
2022,https://www.gov.br/saude/pt-br/centrais-de-conteudo/publicacoes/boletins/epidemiologicos/edicoes/2022/boletim-epidemiologico-vol-53-no05.pdf/view,https://www.gov.br/saude/pt-br/centrais-de-conteudo/publicacoes/boletins/epidemiologicos/edicoes/2022/boletim-epidemiologico-vol-53-no05.pdf,boletim-epidemiologico-vol-53-no05.pdf,downloaded,,2026-06-05T19:28:30+00:00
2022,https://www.gov.br/saude/pt-br/centrais-de-conteudo/publicacoes/boletins/epidemiologicos/edicoes/2022/boletim-epidemiologico-vol-53-no06/view,https://www.gov.br/saude/pt-br/centrais-de-conteudo/publicacoes/boletins/epidemiologicos/edicoes/2022/boletim-epidemiologico-vol-53-no06/@@download/file,boletim-epidemiologico-vol-53-no06.pdf,downloaded,,2026-06-05T19:28:32+00:00
2022,https://www.gov.br/saude/pt-br/centrais-de-conteudo/publicacoes/boletins/epidemiologicos/edicoes/2022/boletim-epidemiologico-vol-53-no07.pdf/view,https://www.gov.br/saude/pt-br/centrais-de-conteudo/publicacoes/boletins/epidemiologicos/edicoes/2022/boletim-epidemiologico-vol-53-no07.pdf,boletim-epidemiologico-vol-53-no07.pdf,downloaded,,2026-06-05T19:28:35+00:00
2022,https://www.gov.br/saude/pt-br/centrais-de-conteudo/publicacoes/boletins/epidemiologicos/edicoes/2022/boletim-epidemiologico-vol-53-no1.pdf/view,https://www.gov.br/saude/pt-br/centrais-de-conteudo/publicacoes/boletins/epidemiologicos/edicoes/2022/boletim-epidemiologico-vol-53-no1.pdf,boletim-epidemiologico-vol-53-no1.pdf,downloaded,,2026-06-05T19:28:38+00:00
2022,https://www.gov.br/saude/pt-br/centrais-de-conteudo/publicacoes/boletins/epidemiologicos/edicoes/2022/boletim-epidemiologico-vol-53-no11.pdf/view,https://www.gov.br/saude/pt-br/centrais-de-conteudo/publicacoes/boletins/epidemiologicos/edicoes/2022/boletim-epidemiologico-vol-53-no11.pdf,boletim-epidemiologico-vol-53-no11.pdf,downloaded,,2026-06-05T19:28:40+00:00
2022,https://www.gov.br/saude/pt-br/centrais-de-conteudo/publicacoes/boletins/epidemiologicos/edicoes/2022/boletim-epidemiologico-vol-53-no12.pdf/view,https://www.gov.br/saude/pt-br/centrais-de-conteudo/publicacoes/boletins/epidemiologicos/edicoes/2022/boletim-epidemiologico-vol-53-no12.pdf,boletim-epidemiologico-vol-53-no12.pdf,downloaded,,2026-06-05T19:28:42+00:00
2022,https://www.gov.br/saude/pt-br/centrais-de-conteudo/publicacoes/boletins/epidemiologicos/edicoes/2022/boletim-epidemiologico-vol-53-no13.pdf/view,https://www.gov.br/saude/pt-br/centrais-de-conteudo/publicacoes/boletins/epidemiologicos/edicoes/2022/boletim-epidemiologico-vol-53-no13.pdf,boletim-epidemiologico-vol-53-no13.pdf,downloaded,,2026-06-05T19:28:46+00:00
2022,https://www.gov.br/saude/pt-br/centrais-de-conteudo/publicacoes/boletins/epidemiologicos/edicoes/2022/boletim-epidemiologico-vol-53-no15.pdf/view,https://www.gov.br/saude/pt-br/centrais-de-conteudo/publicacoes/boletins/epidemiologicos/edicoes/2022/boletim-epidemiologico-vol-53-no15.pdf,boletim-epidemiologico-vol-53-no15.pdf,downloaded,,2026-06-05T19:28:49+00:00
2022,https://www.gov.br/saude/pt-br/centrais-de-conteudo/publicacoes/boletins/epidemiologicos/edicoes/2022/boletim-epidemiologico-vol-53-no16/view,https://www.gov.br/saude/pt-br/centrais-de-conteudo/publicacoes/boletins/epidemiologicos/edicoes/2022/boletim-epidemiologico-vol-53-no16/@@download/file,boletim-epidemiologico-vol-53-no16.pdf,downloaded,,2026-06-05T19:28:51+00:00
2022,https://www.gov.br/saude/pt-br/centrais-de-conteudo/publicacoes/boletins/epidemiologicos/edicoes/2022/boletim-epidemiologico-vol-53-no17.pdf/view,https://www.gov.br/saude/pt-br/centrais-de-conteudo/publicacoes/boletins/epidemiologicos/edicoes/2022/boletim-epidemiologico-vol-53-no17.pdf,boletim-epidemiologico-vol-53-no17.pdf,downloaded,,2026-06-05T19:28:55+00:00
2022,https://www.gov.br/saude/pt-br/centrais-de-conteudo/publicacoes/boletins/epidemiologicos/edicoes/2022/boletim-epidemiologico-vol-53-no18/view,https://www.gov.br/saude/pt-br/centrais-de-conteudo/publicacoes/boletins/epidemiologicos/edicoes/2022/boletim-epidemiologico-vol-53-no18/@@download/file,boletim-epidemiologico-vol-53-no18.pdf,failed,"('Connection broken: IncompleteRead(2930752 bytes read, 1556693 more expected)', IncompleteRead(2930752 bytes read, 1556693 more expected))",2026-06-05T19:28:58+00:00
2022,https://www.gov.br/saude/pt-br/centrais-de-conteudo/publicacoes/boletins/epidemiologicos/edicoes/2022/boletim-epidemiologico-vol-53-no19/view,https://www.gov.br/saude/pt-br/centrais-de-conteudo/publicacoes/boletins/epidemiologicos/edicoes/2022/boletim-epidemiologico-vol-53-no19/@@download/file,boletim-epidemiologico-vol-53-no19.pdf,downloaded,,2026-06-05T19:29:02+00:00
2022,https://www.gov.br/saude/pt-br/centrais-de-conteudo/publicacoes/boletins/epidemiologicos/edicoes/2022/boletim-epidemiologico-vol-53-no20/view,https://www.gov.br/saude/pt-br/centrais-de-conteudo/publicacoes/boletins/epidemiologicos/edicoes/2022/boletim-epidemiologico-vol-53-no20/@@download/file,boletim-epidemiologico-vol-53-no20.pdf,downloaded,,2026-06-05T19:29:06+00:00
2022,https://www.gov.br/saude/pt-br/centrais-de-conteudo/publicacoes/boletins/epidemiologicos/edicoes/2022/boletim-epidemiologico-vol-53-no21/view,https://www.gov.br/saude/pt-br/centrais-de-conteudo/publicacoes/boletins/epidemiologicos/edicoes/2022/boletim-epidemiologico-vol-53-no21/@@download/file,boletim-epidemiologico-vol-53-no21.pdf,downloaded,,2026-06-05T19:29:09+00:00
2022,https://www.gov.br/saude/pt-br/centrais-de-conteudo/publicacoes/boletins/epidemiologicos/edicoes/2022/boletim-epidemiologico-vol-53-no22.pdf/view,https://www.gov.br/saude/pt-br/centrais-de-conteudo/publicacoes/boletins/epidemiologicos/edicoes/2022/boletim-epidemiologico-vol-53-no22.pdf,boletim-epidemiologico-vol-53-no22.pdf,downloaded,,2026-06-05T19:29:13+00:00
2022,https://www.gov.br/saude/pt-br/centrais-de-conteudo/publicacoes/boletins/epidemiologicos/edicoes/2022/boletim-epidemiologico-vol-53-no23/view,https://www.gov.br/saude/pt-br/centrais-de-conteudo/publicacoes/boletins/epidemiologicos/edicoes/2022/boletim-epidemiologico-vol-53-no23/@@download/file,boletim-epidemiologico-vol-53-no23.pdf,downloaded,,2026-06-05T19:29:16+00:00
2022,https://www.gov.br/saude/pt-br/centrais-de-conteudo/publicacoes/boletins/epidemiologicos/edicoes/2022/boletim-epidemiologico-vol-53-no24/view,https://www.gov.br/saude/pt-br/centrais-de-conteudo/publicacoes/boletins/epidemiologicos/edicoes/2022/boletim-epidemiologico-vol-53-no24/@@download/file,boletim-epidemiologico-vol-53-no24.pdf,downloaded,,2026-06-05T19:29:20+00:00
2022,https://www.gov.br/saude/pt-br/centrais-de-conteudo/publicacoes/boletins/epidemiologicos/edicoes/2022/boletim-epidemiologico-vol-53-no25/view,https://www.gov.br/saude/pt-br/centrais-de-conteudo/publicacoes/boletins/epidemiologicos/edicoes/2022/boletim-epidemiologico-vol-53-no25/@@download/file,boletim-epidemiologico-vol-53-no25.pdf,downloaded,,2026-06-05T19:29:24+00:00
2022,https://www.gov.br/saude/pt-br/centrais-de-conteudo/publicacoes/boletins/epidemiologicos/edicoes/2022/boletim-epidemiologico-vol-53-no26/view,https://www.gov.br/saude/pt-br/centrais-de-conteudo/publicacoes/boletins/epidemiologicos/edicoes/2022/boletim-epidemiologico-vol-53-no26/@@download/file,boletim-epidemiologico-vol-53-no26.pdf,downloaded,,2026-06-05T19:29:27+00:00
2022,https://www.gov.br/saude/pt-br/centrais-de-conteudo/publicacoes/boletins/epidemiologicos/edicoes/2022/boletim-epidemiologico-vol-53-no27/view,https://www.gov.br/saude/pt-br/centrais-de-conteudo/publicacoes/boletins/epidemiologicos/edicoes/2022/boletim-epidemiologico-vol-53-no27/@@download/file,boletim-epidemiologico-vol-53-no27.pdf,downloaded,,2026-06-05T19:29:31+00:00
2022,https://www.gov.br/saude/pt-br/centrais-de-conteudo/publicacoes/boletins/epidemiologicos/edicoes/2022/boletim-epidemiologico-vol-53-no28/view,https://www.gov.br/saude/pt-br/centrais-de-conteudo/publicacoes/boletins/epidemiologicos/edicoes/2022/boletim-epidemiologico-vol-53-no28/@@download/file,boletim-epidemiologico-vol-53-no28.pdf,downloaded,,2026-06-05T19:29:34+00:00
2022,https://www.gov.br/saude/pt-br/centrais-de-conteudo/publicacoes/boletins/epidemiologicos/edicoes/2022/boletim-epidemiologico-vol-53-no29/view,https://www.gov.br/saude/pt-br/centrais-de-conteudo/publicacoes/boletins/epidemiologicos/edicoes/2022/boletim-epidemiologico-vol-53-no29/@@download/file,boletim-epidemiologico-vol-53-no29.pdf,downloaded,,2026-06-05T19:29:37+00:00
2022,https://www.gov.br/saude/pt-br/centrais-de-conteudo/publicacoes/boletins/epidemiologicos/edicoes/2022/boletim-epidemiologico-vol-53-no30.pdf/view,https://www.gov.br/saude/pt-br/centrais-de-conteudo/publicacoes/boletins/epidemiologicos/edicoes/2022/boletim-epidemiologico-vol-53-no30.pdf,boletim-epidemiologico-vol-53-no30.pdf,existing,,2026-06-05T19:29:39+00:00
2022,https://www.gov.br/saude/pt-br/centrais-de-conteudo/publicacoes/boletins/epidemiologicos/edicoes/2022/boletim-epidemiologico-vol-53-no31/view,https://www.gov.br/saude/pt-br/centrais-de-conteudo/publicacoes/boletins/epidemiologicos/edicoes/2022/boletim-epidemiologico-vol-53-no31/@@download/file,boletim-epidemiologico-vol-53-no31.pdf,downloaded,,2026-06-05T19:29:39+00:00
2022,https://www.gov.br/saude/pt-br/centrais-de-conteudo/publicacoes/boletins/epidemiologicos/edicoes/2022/boletim-epidemiologico-vol-53-no32/view,https://www.gov.br/saude/pt-br/centrais-de-conteudo/publicacoes/boletins/epidemiologicos/edicoes/2022/boletim-epidemiologico-vol-53-no32/@@download/file,boletim-epidemiologico-vol-53-no32.pdf,downloaded,,2026-06-05T19:29:42+00:00
2022,https://www.gov.br/saude/pt-br/centrais-de-conteudo/publicacoes/boletins/epidemiologicos/edicoes/2022/boletim-epidemiologico-vol-53-no33/view,https://www.gov.br/saude/pt-br/centrais-de-conteudo/publicacoes/boletins/epidemiologicos/edicoes/2022/boletim-epidemiologico-vol-53-no33/@@download/file,boletim-epidemiologico-vol-53-no33.pdf,downloaded,,2026-06-05T19:29:45+00:00
2022,https://www.gov.br/saude/pt-br/centrais-de-conteudo/publicacoes/boletins/epidemiologicos/edicoes/2022/boletim-epidemiologico-vol-53-no34/view,https://www.gov.br/saude/pt-br/centrais-de-conteudo/publicacoes/boletins/epidemiologicos/edicoes/2022/boletim-epidemiologico-vol-53-no34/@@download/file,boletim-epidemiologico-vol-53-no34.pdf,downloaded,,2026-06-05T19:29:48+00:00
2022,https://www.gov.br/saude/pt-br/centrais-de-conteudo/publicacoes/boletins/epidemiologicos/edicoes/2022/boletim-epidemiologico-vol-53-no35/view,https://www.gov.br/saude/pt-br/centrais-de-conteudo/publicacoes/boletins/epidemiologicos/edicoes/2022/boletim-epidemiologico-vol-53-no35/@@download/file,boletim-epidemiologico-vol-53-no35.pdf,downloaded,,2026-06-05T19:29:51+00:00
2022,https://www.gov.br/saude/pt-br/centrais-de-conteudo/publicacoes/boletins/epidemiologicos/edicoes/2022/boletim-epidemiologico-vol-53-no36/view,https://www.gov.br/saude/pt-br/centrais-de-conteudo/publicacoes/boletins/epidemiologicos/edicoes/2022/boletim-epidemiologico-vol-53-no36/@@download/file,boletim-epidemiologico-vol-53-no36.pdf,downloaded,,2026-06-05T19:29:54+00:00
2022,https://www.gov.br/saude/pt-br/centrais-de-conteudo/publicacoes/boletins/epidemiologicos/edicoes/2022/boletim-epidemiologico-vol-53-no37/view,https://www.gov.br/saude/pt-br/centrais-de-conteudo/publicacoes/boletins/epidemiologicos/edicoes/2022/boletim-epidemiologico-vol-53-no37/@@download/file,boletim-epidemiologico-vol-53-no37.pdf,downloaded,,2026-06-05T19:29:58+00:00
2022,https://www.gov.br/saude/pt-br/centrais-de-conteudo/publicacoes/boletins/epidemiologicos/edicoes/2022/boletim-epidemiologico-vol-53-no38/view,https://www.gov.br/saude/pt-br/centrais-de-conteudo/publicacoes/boletins/epidemiologicos/edicoes/2022/boletim-epidemiologico-vol-53-no38/@@download/file,boletim-epidemiologico-vol-53-no38.pdf,downloaded,,2026-06-05T19:30:02+00:00
2022,https://www.gov.br/saude/pt-br/centrais-de-conteudo/publicacoes/boletins/epidemiologicos/edicoes/2022/boletim-epidemiologico-vol-53-no39/view,https://www.gov.br/saude/pt-br/centrais-de-conteudo/publicacoes/boletins/epidemiologicos/edicoes/2022/boletim-epidemiologico-vol-53-no39/@@download/file,boletim-epidemiologico-vol-53-no39.pdf,downloaded,,2026-06-05T19:30:06+00:00
2022,https://www.gov.br/saude/pt-br/centrais-de-conteudo/publicacoes/boletins/epidemiologicos/edicoes/2022/boletim-epidemiologico-vol-53-no40/view,https://www.gov.br/saude/pt-br/centrais-de-conteudo/publicacoes/boletins/epidemiologicos/edicoes/2022/boletim-epidemiologico-vol-53-no40/@@download/file,boletim-epidemiologico-vol-53-no40.pdf,downloaded,,2026-06-05T19:30:09+00:00
2022,https://www.gov.br/saude/pt-br/centrais-de-conteudo/publicacoes/boletins/epidemiologicos/edicoes/2022/boletim-epidemiologico-vol-53-no41/view,https://www.gov.br/saude/pt-br/centrais-de-conteudo/publicacoes/boletins/epidemiologicos/edicoes/2022/boletim-epidemiologico-vol-53-no41/@@download/file,boletim-epidemiologico-vol-53-no41.pdf,downloaded,,2026-06-05T19:30:13+00:00
2022,https://www.gov.br/saude/pt-br/centrais-de-conteudo/publicacoes/boletins/epidemiologicos/edicoes/2022/boletim-epidemiologico-vol-53-no42/view,https://www.gov.br/saude/pt-br/centrais-de-conteudo/publicacoes/boletins/epidemiologicos/edicoes/2022/boletim-epidemiologico-vol-53-no42/@@download/file,boletim-epidemiologico-vol-53-no42.pdf,downloaded,,2026-06-05T19:30:16+00:00
2022,https://www.gov.br/saude/pt-br/centrais-de-conteudo/publicacoes/boletins/epidemiologicos/edicoes/2022/boletim-epidemiologico-vol-53-no43/view,https://www.gov.br/saude/pt-br/centrais-de-conteudo/publicacoes/boletins/epidemiologicos/edicoes/2022/boletim-epidemiologico-vol-53-no43/@@download/file,boletim-epidemiologico-vol-53-no43.pdf,downloaded,,2026-06-05T19:30:20+00:00
2022,https://www.gov.br/saude/pt-br/centrais-de-conteudo/publicacoes/boletins/epidemiologicos/edicoes/2022/boletim-epidemiologico-vol-53-no44/view,https://www.gov.br/saude/pt-br/centrais-de-conteudo/publicacoes/boletins/epidemiologicos/edicoes/2022/boletim-epidemiologico-vol-53-no44/@@download/file,boletim-epidemiologico-vol-53-no44.pdf,downloaded,,2026-06-05T19:30:24+00:00
2022,https://www.gov.br/saude/pt-br/centrais-de-conteudo/publicacoes/boletins/epidemiologicos/edicoes/2022/boletim-epidemiologico-vol-53-no45/view,https://www.gov.br/saude/pt-br/centrais-de-conteudo/publicacoes/boletins/epidemiologicos/edicoes/2022/boletim-epidemiologico-vol-53-no45/@@download/file,boletim-epidemiologico-vol-53-no45.pdf,downloaded,,2026-06-05T19:30:28+00:00
2022,https://www.gov.br/saude/pt-br/centrais-de-conteudo/publicacoes/boletins/epidemiologicos/edicoes/2022/boletim-epidemiologico-vol-53-no46/view,https://www.gov.br/saude/pt-br/centrais-de-conteudo/publicacoes/boletins/epidemiologicos/edicoes/2022/boletim-epidemiologico-vol-53-no46/@@download/file,boletim-epidemiologico-vol-53-no46.pdf,downloaded,,2026-06-05T19:30:32+00:00
2022,https://www.gov.br/saude/pt-br/centrais-de-conteudo/publicacoes/boletins/epidemiologicos/edicoes/2022/boletim-epidemiologico-vol-53-no47/view,https://www.gov.br/saude/pt-br/centrais-de-conteudo/publicacoes/boletins/epidemiologicos/edicoes/2022/boletim-epidemiologico-vol-53-no47/@@download/file,boletim-epidemiologico-vol-53-no47.pdf,downloaded,,2026-06-05T19:30:36+00:00
2022,https://www.gov.br/saude/pt-br/centrais-de-conteudo/publicacoes/boletins/epidemiologicos/edicoes/2022/boletim-epidemiologico-vol-53-no48/view,https://www.gov.br/saude/pt-br/centrais-de-conteudo/publicacoes/boletins/epidemiologicos/edicoes/2022/boletim-epidemiologico-vol-53-no48/@@download/file,boletim-epidemiologico-vol-53-no48.pdf,downloaded,,2026-06-05T19:30:39+00:00
2022,https://www.gov.br/saude/pt-br/centrais-de-conteudo/publicacoes/boletins/epidemiologicos/edicoes/2022/boletim_epidemiologico_svs_10.pdf/view,https://www.gov.br/saude/pt-br/centrais-de-conteudo/publicacoes/boletins/epidemiologicos/edicoes/2022/boletim_epidemiologico_svs_10.pdf,boletim_epidemiologico_svs_10.pdf,downloaded,,2026-06-05T19:30:43+00:00
2022,https://www.gov.br/saude/pt-br/centrais-de-conteudo/publicacoes/boletins/epidemiologicos/edicoes/2022/boletim_epidemiologico_svs_14.pdf/view,https://www.gov.br/saude/pt-br/centrais-de-conteudo/publicacoes/boletins/epidemiologicos/edicoes/2022/boletim_epidemiologico_svs_14.pdf,boletim_epidemiologico_svs_14.pdf,downloaded,,2026-06-05T19:30:45+00:00
2022,https://www.gov.br/saude/pt-br/centrais-de-conteudo/publicacoes/boletins/epidemiologicos/edicoes/2022/boletim_epidemiologico_svs_2.pdf/view,https://www.gov.br/saude/pt-br/centrais-de-conteudo/publicacoes/boletins/epidemiologicos/edicoes/2022/boletim_epidemiologico_svs_2.pdf,boletim_epidemiologico_svs_2.pdf,downloaded,,2026-06-05T19:30:48+00:00
2023,https://www.gov.br/saude/pt-br/centrais-de-conteudo/publicacoes/boletins/epidemiologicos/edicoes/2023/2023,https://www.gov.br/saude/pt-br/centrais-de-conteudo/publicacoes/boletins/epidemiologicos/edicoes/2023/boletim_epidemiologico_svsa_9.pdf,boletim_epidemiologico_svsa_9.pdf,downloaded,,2026-06-05T19:30:55+00:00
2023,https://www.gov.br/saude/pt-br/centrais-de-conteudo/publicacoes/boletins/epidemiologicos/edicoes/2023/boletim-epidemiologico-volume-54-no-01/view,https://www.gov.br/saude/pt-br/centrais-de-conteudo/publicacoes/boletins/epidemiologicos/edicoes/2023/boletim-epidemiologico-volume-54-no-01/@@download/file,boletim-epidemiologico-volume-54-no-01.pdf,downloaded,,2026-06-05T19:30:59+00:00
2023,https://www.gov.br/saude/pt-br/centrais-de-conteudo/publicacoes/boletins/epidemiologicos/edicoes/2023/boletim-epidemiologico-volume-54-no-02/view,https://www.gov.br/saude/pt-br/centrais-de-conteudo/publicacoes/boletins/epidemiologicos/edicoes/2023/boletim-epidemiologico-volume-54-no-02/@@download/file,boletim-epidemiologico-volume-54-no-02.pdf,downloaded,,2026-06-05T19:31:03+00:00
2023,https://www.gov.br/saude/pt-br/centrais-de-conteudo/publicacoes/boletins/epidemiologicos/edicoes/2023/boletim-epidemiologico-volume-54-no-03/view,https://www.gov.br/saude/pt-br/centrais-de-conteudo/publicacoes/boletins/epidemiologicos/edicoes/2023/boletim-epidemiologico-volume-54-no-03/@@download/file,boletim-epidemiologico-volume-54-no-03.pdf,downloaded,,2026-06-05T19:31:07+00:00
2023,https://www.gov.br/saude/pt-br/centrais-de-conteudo/publicacoes/boletins/epidemiologicos/edicoes/2023/boletim-epidemiologico-volume-54-no-04/view,https://www.gov.br/saude/pt-br/centrais-de-conteudo/publicacoes/boletins/epidemiologicos/edicoes/2023/boletim-epidemiologico-volume-54-no-04/@@download/file,boletim-epidemiologico-volume-54-no-04.pdf,downloaded,,2026-06-05T19:31:09+00:00
2023,https://www.gov.br/saude/pt-br/centrais-de-conteudo/publicacoes/boletins/epidemiologicos/edicoes/2023/boletim-epidemiologico-volume-54-no-05/view,https://www.gov.br/saude/pt-br/centrais-de-conteudo/publicacoes/boletins/epidemiologicos/edicoes/2023/boletim-epidemiologico-volume-54-no-05/@@download/file,boletim-epidemiologico-volume-54-no-05.pdf,downloaded,,2026-06-05T19:31:11+00:00
2023,https://www.gov.br/saude/pt-br/centrais-de-conteudo/publicacoes/boletins/epidemiologicos/edicoes/2023/boletim-epidemiologico-volume-54-no-06/view,https://www.gov.br/saude/pt-br/centrais-de-conteudo/publicacoes/boletins/epidemiologicos/edicoes/2023/boletim-epidemiologico-volume-54-no-06/@@download/file,boletim-epidemiologico-volume-54-no-06.pdf,downloaded,,2026-06-05T19:31:14+00:00
2023,https://www.gov.br/saude/pt-br/centrais-de-conteudo/publicacoes/boletins/epidemiologicos/edicoes/2023/boletim-epidemiologico-volume-54-no-07/view,https://www.gov.br/saude/pt-br/centrais-de-conteudo/publicacoes/boletins/epidemiologicos/edicoes/2023/boletim-epidemiologico-volume-54-no-07/@@download/file,boletim-epidemiologico-volume-54-no-07.pdf,downloaded,,2026-06-05T19:31:17+00:00
2023,https://www.gov.br/saude/pt-br/centrais-de-conteudo/publicacoes/boletins/epidemiologicos/edicoes/2023/boletim-epidemiologico-volume-54-no-08/view,https://www.gov.br/saude/pt-br/centrais-de-conteudo/publicacoes/boletins/epidemiologicos/edicoes/2023/boletim-epidemiologico-volume-54-no-08/@@download/file,boletim-epidemiologico-volume-54-no-08.pdf,downloaded,,2026-06-05T19:31:20+00:00
2023,https://www.gov.br/saude/pt-br/centrais-de-conteudo/publicacoes/boletins/epidemiologicos/edicoes/2023/boletim-epidemiologico-volume-54-no-10/view,https://www.gov.br/saude/pt-br/centrais-de-conteudo/publicacoes/boletins/epidemiologicos/edicoes/2023/boletim-epidemiologico-volume-54-no-10/@@download/file,boletim-epidemiologico-volume-54-no-10.pdf,downloaded,,2026-06-05T19:31:23+00:00
2023,https://www.gov.br/saude/pt-br/centrais-de-conteudo/publicacoes/boletins/epidemiologicos/edicoes/2023/boletim-epidemiologico-volume-54-no-11/view,https://www.gov.br/saude/pt-br/centrais-de-conteudo/publicacoes/boletins/epidemiologicos/edicoes/2023/boletim-epidemiologico-volume-54-no-11/@@download/file,boletim-epidemiologico-volume-54-no-11.pdf,downloaded,,2026-06-05T19:31:25+00:00
2023,https://www.gov.br/saude/pt-br/centrais-de-conteudo/publicacoes/boletins/epidemiologicos/edicoes/2023/boletim-epidemiologico-volume-54-no-12/view,https://www.gov.br/saude/pt-br/centrais-de-conteudo/publicacoes/boletins/epidemiologicos/edicoes/2023/boletim-epidemiologico-volume-54-no-12/@@download/file,boletim-epidemiologico-volume-54-no-12.pdf,downloaded,,2026-06-05T19:31:27+00:00
2023,https://www.gov.br/saude/pt-br/centrais-de-conteudo/publicacoes/boletins/epidemiologicos/edicoes/2023/boletim-epidemiologico-volume-54-no-13/view,https://www.gov.br/saude/pt-br/centrais-de-conteudo/publicacoes/boletins/epidemiologicos/edicoes/2023/boletim-epidemiologico-volume-54-no-13/@@download/file,boletim-epidemiologico-volume-54-no-13.pdf,downloaded,,2026-06-05T19:31:29+00:00
2023,https://www.gov.br/saude/pt-br/centrais-de-conteudo/publicacoes/boletins/epidemiologicos/edicoes/2023/boletim-epidemiologico-volume-54-no-14/view,https://www.gov.br/saude/pt-br/centrais-de-conteudo/publicacoes/boletins/epidemiologicos/edicoes/2023/boletim-epidemiologico-volume-54-no-14/@@download/file,boletim-epidemiologico-volume-54-no-14.pdf,downloaded,,2026-06-05T19:31:33+00:00
2023,https://www.gov.br/saude/pt-br/centrais-de-conteudo/publicacoes/boletins/epidemiologicos/edicoes/2023/boletim-epidemiologico-volume-54-no-15/view,https://www.gov.br/saude/pt-br/centrais-de-conteudo/publicacoes/boletins/epidemiologicos/edicoes/2023/boletim-epidemiologico-volume-54-no-15/@@download/file,boletim-epidemiologico-volume-54-no-15.pdf,downloaded,,2026-06-05T19:31:35+00:00
2023,https://www.gov.br/saude/pt-br/centrais-de-conteudo/publicacoes/boletins/epidemiologicos/edicoes/2023/boletim-epidemiologico-volume-54-no-16/view,https://www.gov.br/saude/pt-br/centrais-de-conteudo/publicacoes/boletins/epidemiologicos/edicoes/2023/boletim-epidemiologico-volume-54-no-16/@@download/file,boletim-epidemiologico-volume-54-no-16.pdf,downloaded,,2026-06-05T19:31:39+00:00
2023,https://www.gov.br/saude/pt-br/centrais-de-conteudo/publicacoes/boletins/epidemiologicos/edicoes/2023/boletim-epidemiologico-volume-54-no-17/view,https://www.gov.br/saude/pt-br/centrais-de-conteudo/publicacoes/boletins/epidemiologicos/edicoes/2023/boletim-epidemiologico-volume-54-no-17/@@download/file,boletim-epidemiologico-volume-54-no-17.pdf,downloaded,,2026-06-05T19:31:42+00:00
2023,https://www.gov.br/saude/pt-br/centrais-de-conteudo/publicacoes/boletins/epidemiologicos/edicoes/2023/boletim-epidemiologico-volume-54-no-18/view,https://www.gov.br/saude/pt-br/centrais-de-conteudo/publicacoes/boletins/epidemiologicos/edicoes/2023/boletim-epidemiologico-volume-54-no-18/@@download/file,boletim-epidemiologico-volume-54-no-18.pdf,downloaded,,2026-06-05T19:31:45+00:00
2023,https://www.gov.br/saude/pt-br/centrais-de-conteudo/publicacoes/boletins/epidemiologicos/edicoes/2023/boletim_epidemiologico_svsa_9.pdf/view,https://www.gov.br/saude/pt-br/centrais-de-conteudo/publicacoes/boletins/epidemiologicos/edicoes/2023/boletim_epidemiologico_svsa_9.pdf,boletim_epidemiologico_svsa_9.pdf,existing,,2026-06-05T19:31:48+00:00
2024,https://www.gov.br/saude/pt-br/centrais-de-conteudo/publicacoes/boletins/epidemiologicos/edicoes/2024/2024,https://www.gov.br/saude/pt-br/centrais-de-conteudo/publicacoes/boletins/epidemiologicos/edicoes/2024/boletim-epidemiologico-volume-55-no-16.pdf,boletim-epidemiologico-volume-55-no-16.pdf,downloaded,,2026-06-05T19:31:54+00:00
2024,https://www.gov.br/saude/pt-br/centrais-de-conteudo/publicacoes/boletins/epidemiologicos/edicoes/2024/boletim-epidem-vol-55-n-2/view,https://www.gov.br/saude/pt-br/centrais-de-conteudo/publicacoes/boletins/epidemiologicos/edicoes/2024/boletim-epidem-vol-55-n-2/@@download/file,boletim-epidem-vol-55-n-2.pdf,downloaded,,2026-06-05T19:31:57+00:00
2024,https://www.gov.br/saude/pt-br/centrais-de-conteudo/publicacoes/boletins/epidemiologicos/edicoes/2024/boletim-epidemiologico-volume-55-no-01/view,https://www.gov.br/saude/pt-br/centrais-de-conteudo/publicacoes/boletins/epidemiologicos/edicoes/2024/boletim-epidemiologico-volume-55-no-01/@@download/file,boletim-epidemiologico-volume-55-no-01.pdf,downloaded,,2026-06-05T19:32:00+00:00
2024,https://www.gov.br/saude/pt-br/centrais-de-conteudo/publicacoes/boletins/epidemiologicos/edicoes/2024/boletim-epidemiologico-volume-55-no-03/view,https://www.gov.br/saude/pt-br/centrais-de-conteudo/publicacoes/boletins/epidemiologicos/edicoes/2024/boletim-epidemiologico-volume-55-no-03/@@download/file,boletim-epidemiologico-volume-55-no-03.pdf,downloaded,,2026-06-05T19:32:02+00:00
2024,https://www.gov.br/saude/pt-br/centrais-de-conteudo/publicacoes/boletins/epidemiologicos/edicoes/2024/boletim-epidemiologico-volume-55-no-04.pdf/view,https://www.gov.br/saude/pt-br/centrais-de-conteudo/publicacoes/boletins/epidemiologicos/edicoes/2024/boletim-epidemiologico-volume-55-no-04.pdf,boletim-epidemiologico-volume-55-no-04.pdf,downloaded,,2026-06-05T19:32:04+00:00
2024,https://www.gov.br/saude/pt-br/centrais-de-conteudo/publicacoes/boletins/epidemiologicos/edicoes/2024/boletim-epidemiologico-volume-55-no-05/view,https://www.gov.br/saude/pt-br/centrais-de-conteudo/publicacoes/boletins/epidemiologicos/edicoes/2024/boletim-epidemiologico-volume-55-no-05/@@download/file,boletim-epidemiologico-volume-55-no-05.pdf,downloaded,,2026-06-05T19:32:06+00:00
2024,https://www.gov.br/saude/pt-br/centrais-de-conteudo/publicacoes/boletins/epidemiologicos/edicoes/2024/boletim-epidemiologico-volume-55-no-06/view,https://www.gov.br/saude/pt-br/centrais-de-conteudo/publicacoes/boletins/epidemiologicos/edicoes/2024/boletim-epidemiologico-volume-55-no-06/@@download/file,boletim-epidemiologico-volume-55-no-06.pdf,downloaded,,2026-06-05T19:32:09+00:00
2024,https://www.gov.br/saude/pt-br/centrais-de-conteudo/publicacoes/boletins/epidemiologicos/edicoes/2024/boletim-epidemiologico-volume-55-no-07.pdf/view,https://www.gov.br/saude/pt-br/centrais-de-conteudo/publicacoes/boletins/epidemiologicos/edicoes/2024/boletim-epidemiologico-volume-55-no-07.pdf,boletim-epidemiologico-volume-55-no-07.pdf,downloaded,,2026-06-05T19:32:12+00:00
2024,https://www.gov.br/saude/pt-br/centrais-de-conteudo/publicacoes/boletins/epidemiologicos/edicoes/2024/boletim-epidemiologico-volume-55-no-08.pdf/view,https://www.gov.br/saude/pt-br/centrais-de-conteudo/publicacoes/boletins/epidemiologicos/edicoes/2024/boletim-epidemiologico-volume-55-no-08.pdf,boletim-epidemiologico-volume-55-no-08.pdf,downloaded,,2026-06-05T19:32:13+00:00
2024,https://www.gov.br/saude/pt-br/centrais-de-conteudo/publicacoes/boletins/epidemiologicos/edicoes/2024/boletim-epidemiologico-volume-55-no-09.pdf/view,https://www.gov.br/saude/pt-br/centrais-de-conteudo/publicacoes/boletins/epidemiologicos/edicoes/2024/boletim-epidemiologico-volume-55-no-09.pdf,boletim-epidemiologico-volume-55-no-09.pdf,downloaded,,2026-06-05T19:32:16+00:00
2024,https://www.gov.br/saude/pt-br/centrais-de-conteudo/publicacoes/boletins/epidemiologicos/edicoes/2024/boletim-epidemiologico-volume-55-no-10.pdf/view,https://www.gov.br/saude/pt-br/centrais-de-conteudo/publicacoes/boletins/epidemiologicos/edicoes/2024/boletim-epidemiologico-volume-55-no-10.pdf,boletim-epidemiologico-volume-55-no-10.pdf,downloaded,,2026-06-05T19:32:17+00:00
2024,https://www.gov.br/saude/pt-br/centrais-de-conteudo/publicacoes/boletins/epidemiologicos/edicoes/2024/boletim-epidemiologico-volume-55-no-11.pdf/view,https://www.gov.br/saude/pt-br/centrais-de-conteudo/publicacoes/boletins/epidemiologicos/edicoes/2024/boletim-epidemiologico-volume-55-no-11.pdf,boletim-epidemiologico-volume-55-no-11.pdf,downloaded,,2026-06-05T19:32:19+00:00
2024,https://www.gov.br/saude/pt-br/centrais-de-conteudo/publicacoes/boletins/epidemiologicos/edicoes/2024/boletim-epidemiologico-volume-55-no-12.pdf/view,https://www.gov.br/saude/pt-br/centrais-de-conteudo/publicacoes/boletins/epidemiologicos/edicoes/2024/boletim-epidemiologico-volume-55-no-12.pdf,boletim-epidemiologico-volume-55-no-12.pdf,downloaded,,2026-06-05T19:32:23+00:00
2024,https://www.gov.br/saude/pt-br/centrais-de-conteudo/publicacoes/boletins/epidemiologicos/edicoes/2024/boletim-epidemiologico-volume-55-no-13.pdf/view,https://www.gov.br/saude/pt-br/centrais-de-conteudo/publicacoes/boletins/epidemiologicos/edicoes/2024/boletim-epidemiologico-volume-55-no-13.pdf,boletim-epidemiologico-volume-55-no-13.pdf,downloaded,,2026-06-05T19:32:24+00:00
2024,https://www.gov.br/saude/pt-br/centrais-de-conteudo/publicacoes/boletins/epidemiologicos/edicoes/2024/boletim-epidemiologico-volume-55-no-14.pdf/view,https://www.gov.br/saude/pt-br/centrais-de-conteudo/publicacoes/boletins/epidemiologicos/edicoes/2024/boletim-epidemiologico-volume-55-no-14.pdf,boletim-epidemiologico-volume-55-no-14.pdf,downloaded,,2026-06-05T19:32:26+00:00
2024,https://www.gov.br/saude/pt-br/centrais-de-conteudo/publicacoes/boletins/epidemiologicos/edicoes/2024/boletim-epidemiologico-volume-55-no-15.pdf/view,https://www.gov.br/saude/pt-br/centrais-de-conteudo/publicacoes/boletins/epidemiologicos/edicoes/2024/boletim-epidemiologico-volume-55-no-15.pdf,boletim-epidemiologico-volume-55-no-15.pdf,downloaded,,2026-06-05T19:32:27+00:00
2024,https://www.gov.br/saude/pt-br/centrais-de-conteudo/publicacoes/boletins/epidemiologicos/edicoes/2024/boletim-epidemiologico-volume-55-no-16.pdf/view,https://www.gov.br/saude/pt-br/centrais-de-conteudo/publicacoes/boletins/epidemiologicos/edicoes/2024/boletim-epidemiologico-volume-55-no-16.pdf,boletim-epidemiologico-volume-55-no-16.pdf,existing,,2026-06-05T19:32:29+00:00
2025,https://www.gov.br/saude/pt-br/centrais-de-conteudo/publicacoes/boletins/epidemiologicos/edicoes/2025/2025,https://www.gov.br/saude/pt-br/centrais-de-conteudo/publicacoes/boletins/epidemiologicos/edicoes/2025/boletim-epidemiologico-volume-56-no-19.pdf,boletim-epidemiologico-volume-56-no-19.pdf,downloaded,,2026-06-05T19:32:37+00:00
2025,https://www.gov.br/saude/pt-br/centrais-de-conteudo/publicacoes/boletins/epidemiologicos/edicoes/2025/boletim-epidemiologico-no-5-vol-56-15-de-abr.pdf/view,https://www.gov.br/saude/pt-br/centrais-de-conteudo/publicacoes/boletins/epidemiologicos/edicoes/2025/boletim-epidemiologico-no-5-vol-56-15-de-abr.pdf,boletim-epidemiologico-no-5-vol-56-15-de-abr.pdf,downloaded,,2026-06-05T19:32:41+00:00
2025,https://www.gov.br/saude/pt-br/centrais-de-conteudo/publicacoes/boletins/epidemiologicos/edicoes/2025/boletim-epidemiologico-volume-56-n-1.pdf/view,https://www.gov.br/saude/pt-br/centrais-de-conteudo/publicacoes/boletins/epidemiologicos/edicoes/2025/boletim-epidemiologico-volume-56-n-1.pdf,boletim-epidemiologico-volume-56-n-1.pdf,downloaded,,2026-06-05T19:32:42+00:00
2025,https://www.gov.br/saude/pt-br/centrais-de-conteudo/publicacoes/boletins/epidemiologicos/edicoes/2025/boletim-epidemiologico-volume-56-n-2.pdf/view,https://www.gov.br/saude/pt-br/centrais-de-conteudo/publicacoes/boletins/epidemiologicos/edicoes/2025/boletim-epidemiologico-volume-56-n-2.pdf,boletim-epidemiologico-volume-56-n-2.pdf,downloaded,,2026-06-05T19:32:45+00:00
2025,https://www.gov.br/saude/pt-br/centrais-de-conteudo/publicacoes/boletins/epidemiologicos/edicoes/2025/boletim-epidemiologico-volume-56-n-3.pdf/view,https://www.gov.br/saude/pt-br/centrais-de-conteudo/publicacoes/boletins/epidemiologicos/edicoes/2025/boletim-epidemiologico-volume-56-n-3.pdf,boletim-epidemiologico-volume-56-n-3.pdf,downloaded,,2026-06-05T19:32:47+00:00
2025,https://www.gov.br/saude/pt-br/centrais-de-conteudo/publicacoes/boletins/epidemiologicos/edicoes/2025/boletim-epidemiologico-volume-56-n-4.pdf/view,https://www.gov.br/saude/pt-br/centrais-de-conteudo/publicacoes/boletins/epidemiologicos/edicoes/2025/boletim-epidemiologico-volume-56-n-4.pdf,boletim-epidemiologico-volume-56-n-4.pdf,downloaded,,2026-06-05T19:32:48+00:00
2025,https://www.gov.br/saude/pt-br/centrais-de-conteudo/publicacoes/boletins/epidemiologicos/edicoes/2025/boletim-epidemiologico-volume-56-no-10-24-de-jul.pdf/view,https://www.gov.br/saude/pt-br/centrais-de-conteudo/publicacoes/boletins/epidemiologicos/edicoes/2025/boletim-epidemiologico-volume-56-no-10-24-de-jul.pdf,boletim-epidemiologico-volume-56-no-10-24-de-jul.pdf,downloaded,,2026-06-05T19:32:50+00:00
2025,https://www.gov.br/saude/pt-br/centrais-de-conteudo/publicacoes/boletins/epidemiologicos/edicoes/2025/boletim-epidemiologico-volume-56-no-11-29-de-jul.pdf/view,https://www.gov.br/saude/pt-br/centrais-de-conteudo/publicacoes/boletins/epidemiologicos/edicoes/2025/boletim-epidemiologico-volume-56-no-11-29-de-jul.pdf,boletim-epidemiologico-volume-56-no-11-29-de-jul.pdf,downloaded,,2026-06-05T19:32:52+00:00
2025,https://www.gov.br/saude/pt-br/centrais-de-conteudo/publicacoes/boletins/epidemiologicos/edicoes/2025/boletim-epidemiologico-volume-56-no-12-26-de-ago.pdf/view,https://www.gov.br/saude/pt-br/centrais-de-conteudo/publicacoes/boletins/epidemiologicos/edicoes/2025/boletim-epidemiologico-volume-56-no-12-26-de-ago.pdf,boletim-epidemiologico-volume-56-no-12-26-de-ago.pdf,downloaded,,2026-06-05T19:32:53+00:00
2025,https://www.gov.br/saude/pt-br/centrais-de-conteudo/publicacoes/boletins/epidemiologicos/edicoes/2025/boletim-epidemiologico-volume-56-no-13-10-de-set.pdf/view,https://www.gov.br/saude/pt-br/centrais-de-conteudo/publicacoes/boletins/epidemiologicos/edicoes/2025/boletim-epidemiologico-volume-56-no-13-10-de-set.pdf,boletim-epidemiologico-volume-56-no-13-10-de-set.pdf,downloaded,,2026-06-05T19:32:55+00:00
2025,https://www.gov.br/saude/pt-br/centrais-de-conteudo/publicacoes/boletins/epidemiologicos/edicoes/2025/boletim-epidemiologico-volume-56-no-15.pdf/view,https://www.gov.br/saude/pt-br/centrais-de-conteudo/publicacoes/boletins/epidemiologicos/edicoes/2025/boletim-epidemiologico-volume-56-no-15.pdf,boletim-epidemiologico-volume-56-no-15.pdf,downloaded,,2026-06-05T19:32:59+00:00
2025,https://www.gov.br/saude/pt-br/centrais-de-conteudo/publicacoes/boletins/epidemiologicos/edicoes/2025/boletim-epidemiologico-volume-56-no-16.pdf/view,https://www.gov.br/saude/pt-br/centrais-de-conteudo/publicacoes/boletins/epidemiologicos/edicoes/2025/boletim-epidemiologico-volume-56-no-16.pdf,boletim-epidemiologico-volume-56-no-16.pdf,downloaded,,2026-06-05T19:33:00+00:00
2025,https://www.gov.br/saude/pt-br/centrais-de-conteudo/publicacoes/boletins/epidemiologicos/edicoes/2025/boletim-epidemiologico-volume-56-no-17.pdf/view,https://www.gov.br/saude/pt-br/centrais-de-conteudo/publicacoes/boletins/epidemiologicos/edicoes/2025/boletim-epidemiologico-volume-56-no-17.pdf,boletim-epidemiologico-volume-56-no-17.pdf,downloaded,,2026-06-05T19:33:02+00:00
2025,https://www.gov.br/saude/pt-br/centrais-de-conteudo/publicacoes/boletins/epidemiologicos/edicoes/2025/boletim-epidemiologico-volume-56-no-18.pdf/view,https://www.gov.br/saude/pt-br/centrais-de-conteudo/publicacoes/boletins/epidemiologicos/edicoes/2025/boletim-epidemiologico-volume-56-no-18.pdf,boletim-epidemiologico-volume-56-no-18.pdf,downloaded,,2026-06-05T19:33:04+00:00
2025,https://www.gov.br/saude/pt-br/centrais-de-conteudo/publicacoes/boletins/epidemiologicos/edicoes/2025/boletim-epidemiologico-volume-56-no-19.pdf/view,https://www.gov.br/saude/pt-br/centrais-de-conteudo/publicacoes/boletins/epidemiologicos/edicoes/2025/boletim-epidemiologico-volume-56-no-19.pdf,boletim-epidemiologico-volume-56-no-19.pdf,existing,,2026-06-05T19:33:05+00:00
2025,https://www.gov.br/saude/pt-br/centrais-de-conteudo/publicacoes/boletins/epidemiologicos/edicoes/2025/boletim-epidemiologico-volume-56-no-6-13-de-mai.pdf/view,https://www.gov.br/saude/pt-br/centrais-de-conteudo/publicacoes/boletins/epidemiologicos/edicoes/2025/boletim-epidemiologico-volume-56-no-6-13-de-mai.pdf,boletim-epidemiologico-volume-56-no-6-13-de-mai.pdf,downloaded,,2026-06-05T19:33:05+00:00
2025,https://www.gov.br/saude/pt-br/centrais-de-conteudo/publicacoes/boletins/epidemiologicos/edicoes/2025/boletim-epidemiologico-volume-56-no-7-21-de-mai.pdf/view,https://www.gov.br/saude/pt-br/centrais-de-conteudo/publicacoes/boletins/epidemiologicos/edicoes/2025/boletim-epidemiologico-volume-56-no-7-21-de-mai.pdf,boletim-epidemiologico-volume-56-no-7-21-de-mai.pdf,downloaded,,2026-06-05T19:33:08+00:00
2025,https://www.gov.br/saude/pt-br/centrais-de-conteudo/publicacoes/boletins/epidemiologicos/edicoes/2025/boletim-epidemiologico-volume-56-no-8-16-de-jul.pdf/view,https://www.gov.br/saude/pt-br/centrais-de-conteudo/publicacoes/boletins/epidemiologicos/edicoes/2025/boletim-epidemiologico-volume-56-no-8-16-de-jul.pdf,boletim-epidemiologico-volume-56-no-8-16-de-jul.pdf,downloaded,,2026-06-05T19:33:10+00:00
2025,https://www.gov.br/saude/pt-br/centrais-de-conteudo/publicacoes/boletins/epidemiologicos/edicoes/2025/boletim-epidemiologico-volume-56-no-9-18-de-jul.pdf/view,https://www.gov.br/saude/pt-br/centrais-de-conteudo/publicacoes/boletins/epidemiologicos/edicoes/2025/boletim-epidemiologico-volume-56-no-9-18-de-jul.pdf,boletim-epidemiologico-volume-56-no-9-18-de-jul.pdf,downloaded,,2026-06-05T19:33:11+00:00
2025,https://www.gov.br/saude/pt-br/centrais-de-conteudo/publicacoes/boletins/epidemiologicos/edicoes/2025/boletim-epidemiologico-volume-56-no14.pdf/view,https://www.gov.br/saude/pt-br/centrais-de-conteudo/publicacoes/boletins/epidemiologicos/edicoes/2025/boletim-epidemiologico-volume-56-no14.pdf,boletim-epidemiologico-volume-56-no14.pdf,downloaded,,2026-06-05T19:33:13+00:00
2026,https://www.gov.br/saude/pt-br/centrais-de-conteudo/publicacoes/boletins/epidemiologicos/edicoes/2026/2026,https://www.gov.br/saude/pt-br/centrais-de-conteudo/publicacoes/boletins/epidemiologicos/edicoes/2026/boletim-epidemiologico-volume-57-no-2.pdf,boletim-epidemiologico-volume-57-no-2.pdf,downloaded,,2026-06-05T19:33:20+00:00
2026,https://www.gov.br/saude/pt-br/centrais-de-conteudo/publicacoes/boletins/epidemiologicos/edicoes/2026/boletim-epidemiologico-volume-57-no-1.pdf/view,https://www.gov.br/saude/pt-br/centrais-de-conteudo/publicacoes/boletins/epidemiologicos/edicoes/2026/boletim-epidemiologico-volume-57-no-1.pdf,boletim-epidemiologico-volume-57-no-1.pdf,downloaded,,2026-06-05T19:33:23+00:00
2026,https://www.gov.br/saude/pt-br/centrais-de-conteudo/publicacoes/boletins/epidemiologicos/edicoes/2026/boletim-epidemiologico-volume-57-no-2.pdf/view,https://www.gov.br/saude/pt-br/centrais-de-conteudo/publicacoes/boletins/epidemiologicos/edicoes/2026/boletim-epidemiologico-volume-57-no-2.pdf,boletim-epidemiologico-volume-57-no-2.pdf,existing,,2026-06-05T19:33:26+00:00
